Workbook
Name ___Cub01: #REF!
Name ___Cub01: #REF!
Name ___Cub01: #REF!
Name ___Fab01: #REF!
Name ___Fab01: #REF!
Name ___Fab01: #REF!
Name ___Fab03: #REF!
Name ___Fab03: #REF!
Name ___Fab03: #REF!
Name ___Fab04: #REF!
Name ___Fab04: #REF!
Name ___Fab04: #REF!
Name ___Fab05: #REF!
Name ___Fab05: #REF!
Name ___Fab05: #REF!
Name ___Fab06: #REF!
Name ___Fab06: #REF!
Name ___Fab06: #REF!
Name ___Try1: [4]!_xlbgnm.Try1
Name __Cub01: #REF!
Name __Cub01: #REF!
Name __Cub01: #REF!
Name __Fab01: #REF!
Name __Fab01: #REF!
Name __Fab01: #REF!
Name __Fab03: #REF!
Name __Fab03: #REF!
Name __Fab03: #REF!
Name __Fab04: #REF!
Name __Fab04: #REF!
Name __Fab04: #REF!
Name __Fab05: #REF!
Name __Fab05: #REF!
Name __Fab05: #REF!
Name __Fab06: #REF!
Name __Fab06: #REF!
Name __Fab06: #REF!
Name __Try1: [4]!_xlbgnm.Try1
Name _412_Office_Supplies: #REF!
Name _412_Office_Supplies: #REF!
Name _412_Office_Supplies: #REF!
Name _421_Facilities_Work_Requests: #REF!
Name _421_Facilities_Work_Requests: #REF!
Name _421_Facilities_Work_Requests: #REF!
Name _422_Spares: #REF!
Name _422_Spares: #REF!
Name _422_Spares: #REF!
Name _424_Equipment_Repair: #REF!
Name _424_Equipment_Repair: #REF!
Name _424_Equipment_Repair: #REF!
Name _425_Preventive_Maint_Contracts: #REF!
Name _425_Preventive_Maint_Contracts: #REF!
Name _425_Preventive_Maint_Contracts: #REF!
Name _661_Facility_Services: #REF!
Name _661_Facility_Services: #REF!
Name _661_Facility_Services: #REF!
Name _BT: 0.0351
Name _Category: '[8]Ref.'!$J$3:$J$6
Name _Cub01: #REF!
Name _Cub01: #REF!

Sheet Overall
B1: PROJECT : ECOCERES SUBSTRUCTURE WORKS | U1: Updated On : | V1: 45422
B2: WEEKLY SCHEDULE & PROGRESS UPDATE | D2: 202375369360256000 and 2116 | I2: PASTE THIS FROM MS PROJECT | K2: 2.2382335e+15
B4: CONTRACTOR | C4: PACKAGE NO | F4: Plan Start | G4: Plan Finish | I4: For Dyna Only | J4: For Dyna Only | K4: SPI | P4: Plan % | T4: Actual % | V4: Delta
B5: DYNACIATE | C5: ECOCERES SUBSTRUCTURE PACKAGE | F5: =F8 -> 45259 | G5: =G8 -> 45350 | K5: =G5-K8 -> -98 | O5: -39 | P5: =T8 -> 1 | T5: =U8 -> 0.9125713 | V5: =V8 -> -0.087428697
B7: Activity ID | C7: Activity Description | D7: Sub sum | E7: Plan Duration | F7: Baseline Start | G7: Baseline Finish | H7: Actual / Forecast Start | K7: Actual / Forecast Finish | L7: Total Quantity | O7: Installed Quantity | P7: Unit | Q7: Plan Units | R7: Cost | S7: Weightage | T7: Plan Prog % | U7: Actual Prog % | V7: Delta | W7: Remark
B8: ECOCERES SUBSTRUCTURE PACKAGE | D8: =SUM(D9,D592,D1036) -> 11395 | E8: =IF(AND(F8<>"",G8<>"",(G8-F8)=0),1,G8-F8+1) -> 92 | F8: 45259 | G8: 45350 | H8: =MIN(H9:H1036) -> 45257 | I8: Start | J8: Finish | K8: =MAX(K9:K1036) -> 45448 | M8: MSP Paste Here | N8: Check Here | S8: =SUM(S9,S592,S1036) -> 1 | T8: =$S9*T9+$S592*T592+$S1036*T1036 -> 1 | U8: =$S9*U9+$S592*U592+$S1036*U1036 -> 0.9125713 | V8: =U8-T8 -> -0.087428697
A9: 147 | B9: UNIT 700, 800 and 900 (SUBSTRUCTURE) | D9: =SUM(D10,D83,D136,D211,D263,D315,D383,D435,D487,D539,D591) -> 8924 | E9: =IF(AND(F9<>"",G9<>"",(G9-F9)=0),1,G9-F9+1) -> 92 | F9: 45259 | G9: 45350 | H9: =I9 -> 45257 | I9: 45257 | J9: 45448 | K9: =J9 -> 45448 | M9: 0.01 | S9: =D9/$D$8 -> 0.7831505 | T9: =$S10*T10+$S83*T83+$S136*T136+$S211*T211+$S263*T263+$S315*T315+$S383*T383+$S435*T435+$S487*T487+$S539*T539+$S591*T591 -> 1 | U9: =$S10*U10+$S83*U83+$S136*U136+$S211*U211+$S263*U263+$S315*U315+$S383*U383+$S435*U435+$S487*U487+$S539*U539+$S591*U591 -> 0.93550538 | V9: =U9-T9 -> -0.064494621
A10: =A9+1 -> 148 | B10: Unit 700 - Auxillary & Tank Yard | D10: =SUM(D11,D14,D82) -> 819 | E10: =IF(AND(F10<>"",G10<>"",(G10-F10)=0),1,G10-F10+1) -> 73 | F10: 45265 | G10: 45337 | H10: =I10 -> 45265 | I10: 45265 | J10: 45448 | K10: =J10 -> 45448 | M10: 0 | S10: =D10/$D$9 -> 0.091774989 | T10: =$S11*T11+$S14*T14+$S82*T82 -> 1 | U10: =$S11*U11+$S14*U14+$S82*U82 -> 0.61471306 | V10: =U10-T10 -> -0.38528694
A11: =A10+1 -> 149 | B11: Piling (Cutting only) | D11: =SUM(D12:D13) -> 7 | E11: =IF(AND(F11<>"",G11<>"",(G11-F11)=0),1,G11-F11+1) -> 7 | F11: 45265 | G11: 45271 | H11: =I11 -> 45265 | I11: 45265 | J11: 45271 | K11: =J11 -> 45271 | M11: 0 | S11: =D11/$D$10 -> 0.0085470085 | T11: {=SUMPRODUCT($S12:$S13*T12:T13)} -> 1 | U11: {=SUMPRODUCT($S12:$S13*U12:U13)} -> 1 | V11: =U11-T11 -> 0
A12: =A11+1 -> 150 | B12: Cutting off Pile to GL | D12: =E12 -> 7 | E12: =IF(AND(F12<>"",G12<>"",(G12-F12)=0),1,G12-F12+1) -> 7 | F12: 45265 | G12: 45271 | H12: =I12 -> 45265 | I12: 45265 | J12: 45271 | K12: =J12 -> 45271 | L12: 100 | M12: 0 | N12: =M12*100 -> 0 | O12: 100 | P12: % | Q12: =IF(OR(F12="",G12="",L12=""),0,MIN(MAX(IF(F12>$V$1,0,(((G12-F12)-(G12-$V$1))*(10/E12)/10)),0),1)*L12) -> 100 | S12: =D12/$D$11 -> 1 | T12: =IF(OR(L12=0,Q12=0),0,Q12/L12) -> 1 | U12: =IF(OR(L12=0,O12=0),0,O12/L12) -> 1 | V12: =U12-T12 -> 0
A13: =A12+1 -> 151 | B13: Completion of Piling | D13: 0 | E13: =IF(AND(F13<>"",G13<>"",(G13-F13)=0),1,G13-F13+1) -> 1 | F13: 45271 | G13: 45271 | H13: =I13 -> 45271 | I13: 45271 | J13: 45271 | K13: =J13 -> 45271 | L13: 100 | M13: 0 | N13: =M13*100 -> 0 | O13: 100 | P13: % | Q13: =IF(OR(F13="",G13="",L13=""),0,MIN(MAX(IF(F13>$V$1,0,(((G13-F13)-(G13-$V$1))*(10/E13)/10)),0),1)*L13) -> 100 | S13: =D13/$D$11 -> 0 | T13: =IF(OR(L13=0,Q13=0),0,Q13/L13) -> 1 | U13: =IF(OR(L13=0,O13=0),0,O13/L13) -> 1 | V13: =U13-T13 -> 0
A14: =A13+1 -> 152 | B14: Substructure | D14: =SUM(D15,D36,D50,D81) -> 812 | E14: =IF(AND(F14<>"",G14<>"",(G14-F14)=0),1,G14-F14+1) -> 62 | F14: 45276 | G14: 45337 | H14: =I14 -> 45313 | I14: 45313 | J14: 45448 | K14: =J14 -> 45448 | M14: 0 | S14: =D14/$D$10 -> 0.99145299 | T14: =$S15*T15+$S36*T36+$S50*T50+$S81*T81 -> 1 | U14: =$S15*U15+$S36*U36+$S50*U50+$S81*U81 -> 0.61139163 | V14: =U14-T14 -> -0.38860837
A15: =A14+1 -> 153 | B15: Structure | D15: =SUM(D16,D27,D35) -> 313 | E15: =IF(AND(F15<>"",G15<>"",(G15-F15)=0),1,G15-F15+1) -> 56 | F15: 45276 | G15: 45331 | H15: =I15 -> 45383 | I15: 45383 | J15: 45448 | K15: =J15 -> 45448 | M15: 0 | S15: =D15/$D$14 -> 0.38546798 | T15: =$S16*T16+$S27*T27+$S35*T35 -> 1 | U15: =$S16*U16+$S27*U27+$S35*U35 -> 0.8798722 | V15: =U15-T15 -> -0.1201278
A16: =A15+1 -> 154 | B16: Pile Cap | D16: =SUM(D17:D26) -> 188 | E16: =IF(AND(F16<>"",G16<>"",(G16-F16)=0),1,G16-F16+1) -> 41 | F16: 45276 | G16: 45316 | H16: =I16 -> 45383 | I16: 45383 | J16: 45433 | K16: =J16 -> 45433 | M16: 0 | S16: =D16/$D$15 -> 0.60063898 | T16: {=SUMPRODUCT($S17:$S26*T17:T26)} -> 1 | U16: {=SUMPRODUCT($S17:$S26*U17:U26)} -> 0.94468085 | V16: =U16-T16 -> -0.055319149
A17: =A16+1 -> 155 | B17: Excavation | D17: =E17 -> 21 | E17: =IF(AND(F17<>"",G17<>"",(G17-F17)=0),1,G17-F17+1) -> 21 | F17: 45276 | G17: 45296 | H17: =I17 -> 45383 | I17: 45383 | J17: 45395 | K17: =J17 -> 45395 | L17: 100 | M17: 0 | N17: =M17*100 -> 0 | O17: 100 | P17: % | Q17: =IF(OR(F17="",G17="",L17=""),0,MIN(MAX(IF(F17>$V$1,0,(((G17-F17)-(G17-$V$1))*(10/E17)/10)),0),1)*L17) -> 100 | S17: =D17/$D$16 -> 0.11170213 | T17: =IF(OR(L17=0,Q17=0),0,Q17/L17) -> 1 | U17: =IF(OR(L17=0,O17=0),0,O17/L17) -> 1 | V17: =U17-T17 -> 0
A18: =A17+1 -> 156 | B18: Leveling and Compaction | D18: =E18 -> 21 | E18: =IF(AND(F18<>"",G18<>"",(G18-F18)=0),1,G18-F18+1) -> 21 | F18: 45279 | G18: 45299 | H18: =I18 -> 45384 | I18: 45384 | J18: 45398 | K18: =J18 -> 45398 | L18: 100 | M18: 0 | N18: =M18*100 -> 0 | O18: 100 | P18: % | Q18: =IF(OR(F18="",G18="",L18=""),0,MIN(MAX(IF(F18>$V$1,0,(((G18-F18)-(G18-$V$1))*(10/E18)/10)),0),1)*L18) -> 100 | S18: =D18/$D$16 -> 0.11170213 | T18: =IF(OR(L18=0,Q18=0),0,Q18/L18) -> 1 | U18: =IF(OR(L18=0,O18=0),0,O18/L18) -> 1 | V18: =U18-T18 -> 0
A19: =A18+1 -> 157 | B19: Lean Concrete Pouring | D19: =E19 -> 21 | E19: =IF(AND(F19<>"",G19<>"",(G19-F19)=0),1,G19-F19+1) -> 21 | F19: 45280 | G19: 45300 | H19: =I19 -> 45387 | I19: 45387 | J19: 45400 | K19: =J19 -> 45400 | L19: 100 | M19: 0 | N19: =M19*100 -> 0 | O19: 100 | P19: % | Q19: =IF(OR(F19="",G19="",L19=""),0,MIN(MAX(IF(F19>$V$1,0,(((G19-F19)-(G19-$V$1))*(10/E19)/10)),0),1)*L19) -> 100 | S19: =D19/$D$16 -> 0.11170213 | T19: =IF(OR(L19=0,Q19=0),0,Q19/L19) -> 1 | U19: =IF(OR(L19=0,O19=0),0,O19/L19) -> 1 | V19: =U19-T19 -> 0
A20: =A19+1 -> 158 | B20: Pile Cutting and Treatment | D20: =E20 -> 21 | E20: =IF(AND(F20<>"",G20<>"",(G20-F20)=0),1,G20-F20+1) -> 21 | F20: 45282 | G20: 45302 | H20: =I20 -> 45387 | I20: 45387 | J20: 45402 | K20: =J20 -> 45402 | L20: 100 | M20: 0 | N20: =M20*100 -> 0 | O20: 100 | P20: % | Q20: =IF(OR(F20="",G20="",L20=""),0,MIN(MAX(IF(F20>$V$1,0,(((G20-F20)-(G20-$V$1))*(10/E20)/10)),0),1)*L20) -> 100 | S20: =D20/$D$16 -> 0.11170213 | T20: =IF(OR(L20=0,Q20=0),0,Q20/L20) -> 1 | U20: =IF(OR(L20=0,O20=0),0,O20/L20) -> 1 | V20: =U20-T20 -> 0
A21: =A20+1 -> 159 | B21: Reinforcement Bar Fixing | D21: =E21 -> 21 | E21: =IF(AND(F21<>"",G21<>"",(G21-F21)=0),1,G21-F21+1) -> 21 | F21: 45286 | G21: 45306 | H21: =I21 -> 45394 | I21: 45394 | J21: 45407 | K21: =J21 -> 45407 | L21: 100 | M21: 0 | N21: =M21*100 -> 0 | O21: 90 | P21: % | Q21: =IF(OR(F21="",G21="",L21=""),0,MIN(MAX(IF(F21>$V$1,0,(((G21-F21)-(G21-$V$1))*(10/E21)/10)),0),1)*L21) -> 100 | S21: =D21/$D$16 -> 0.11170213 | T21: =IF(OR(L21=0,Q21=0),0,Q21/L21) -> 1 | U21: =IF(OR(L21=0,O21=0),0,O21/L21) -> 0.9 | V21: =U21-T21 -> -0.1
A22: =A21+1 -> 160 | B22: Formwork Fixing | D22: =E22 -> 21 | E22: =IF(AND(F22<>"",G22<>"",(G22-F22)=0),1,G22-F22+1) -> 21 | F22: 45289 | G22: 45309 | H22: =I22 -> 45413 | I22: 45413 | J22: 45426 | K22: =J22 -> 45426 | L22: 100 | M22: 0 | N22: =M22*100 -> 0 | O22: 90 | P22: % | Q22: =IF(OR(F22="",G22="",L22=""),0,MIN(MAX(IF(F22>$V$1,0,(((G22-F22)-(G22-$V$1))*(10/E22)/10)),0),1)*L22) -> 100 | S22: =D22/$D$16 -> 0.11170213 | T22: =IF(OR(L22=0,Q22=0),0,Q22/L22) -> 1 | U22: =IF(OR(L22=0,O22=0),0,O22/L22) -> 0.9 | V22: =U22-T22 -> -0.1
A23: =A22+1 -> 161 | B23: Concrete Pouring | D23: =E23 -> 20 | E23: =IF(AND(F23<>"",G23<>"",(G23-F23)=0),1,G23-F23+1) -> 20 | F23: 45292 | G23: 45311 | H23: =I23 -> 45415 | I23: 45415 | J23: 45428 | K23: =J23 -> 45428 | L23: 100 | M23: 0 | N23: =M23*100 -> 0 | O23: 90 | P23: % | Q23: =IF(OR(F23="",G23="",L23=""),0,MIN(MAX(IF(F23>$V$1,0,(((G23-F23)-(G23-$V$1))*(10/E23)/10)),0),1)*L23) -> 100 | S23: =D23/$D$16 -> 0.10638298 | T23: =IF(OR(L23=0,Q23=0),0,Q23/L23) -> 1 | U23: =IF(OR(L23=0,O23=0),0,O23/L23) -> 0.9 | V23: =U23-T23 -> -0.1
A24: =A23+1 -> 162 | B24: Formwork Dismantling | D24: =E24 -> 21 | E24: =IF(AND(F24<>"",G24<>"",(G24-F24)=0),1,G24-F24+1) -> 21 | F24: 45295 | G24: 45315 | H24: =I24 -> 45419 | I24: 45419 | J24: 45432 | K24: =J24 -> 45432 | L24: 100 | M24: 0 | N24: =M24*100 -> 0 | O24: 90 | P24: % | Q24: =IF(OR(F24="",G24="",L24=""),0,MIN(MAX(IF(F24>$V$1,0,(((G24-F24)-(G24-$V$1))*(10/E24)/10)),0),1)*L24) -> 100 | S24: =D24/$D$16 -> 0.11170213 | T24: =IF(OR(L24=0,Q24=0),0,Q24/L24) -> 1 | U24: =IF(OR(L24=0,O24=0),0,O24/L24) -> 0.9 | V24: =U24-T24 -> -0.1
A25: =A24+1 -> 163 | B25: Backfill with compaction | D25: =E25 -> 21 | E25: =IF(AND(F25<>"",G25<>"",(G25-F25)=0),1,G25-F25+1) -> 21 | F25: 45296 | G25: 45316 | H25: =I25 -> 45420 | I25: 45420 | J25: 45433 | K25: =J25 -> 45433 | L25: 100 | M25: 0 | N25: =M25*100 -> 0 | O25: 90 | P25: % | Q25: =IF(OR(F25="",G25="",L25=""),0,MIN(MAX(IF(F25>$V$1,0,(((G25-F25)-(G25-$V$1))*(10/E25)/10)),0),1)*L25) -> 100 | S25: =D25/$D$16 -> 0.11170213 | T25: =IF(OR(L25=0,Q25=0),0,Q25/L25) -> 1 | U25: =IF(OR(L25=0,O25=0),0,O25/L25) -> 0.9 | V25: =U25-T25 -> -0.1
A26: =A25+1 -> 164 | B26: Completion of Pile Cap | D26: 0 | E26: =IF(AND(F26<>"",G26<>"",(G26-F26)=0),1,G26-F26+1) -> 1 | F26: 45316 | G26: 45316 | H26: =I26 -> 45433 | I26: 45433 | J26: 45433 | K26: =J26 -> 45433 | L26: 100 | M26: 0 | N26: =M26*100 -> 0 | P26: % | Q26: =IF(OR(F26="",G26="",L26=""),0,MIN(MAX(IF(F26>$V$1,0,(((G26-F26)-(G26-$V$1))*(10/E26)/10)),0),1)*L26) -> 100 | S26: =D26/$D$16 -> 0 | T26: =IF(OR(L26=0,Q26=0),0,Q26/L26) -> 1 | U26: =IF(OR(L26=0,O26=0),0,O26/L26) -> 0 | V26: =U26-T26 -> -1
A27: =A26+1 -> 165 | B27: Stump | D27: =SUM(D28:D34) -> 125 | E27: =IF(AND(F27<>"",G27<>"",(G27-F27)=0),1,G27-F27+1) -> 33 | F27: 45299 | G27: 45331 | H27: =I27 -> 45422 | I27: 45422 | J27: 45448 | K27: =J27 -> 45448 | M27: 0 | S27: =D27/$D$15 -> 0.39936102 | T27: {=SUMPRODUCT($S28:$S34*T28:T34)} -> 1 | U27: {=SUMPRODUCT($S28:$S34*U28:U34)} -> 0.7824 | V27: =U27-T27 -> -0.2176
A28: =A27+1 -> 166 | B28: Reinforcement Bar Fixing | D28: =E28 -> 20 | E28: =IF(AND(F28<>"",G28<>"",(G28-F28)=0),1,G28-F28+1) -> 20 | F28: 45299 | G28: 45318 | H28: =I28 -> 45422 | I28: 45422 | J28: 45435 | K28: =J28 -> 45435 | L28: 100 | M28: 0 | N28: =M28*100 -> 0 | O28: 90 | P28: % | Q28: =IF(OR(F28="",G28="",L28=""),0,MIN(MAX(IF(F28>$V$1,0,(((G28-F28)-(G28-$V$1))*(10/E28)/10)),0),1)*L28) -> 100 | S28: =D28/$D$27 -> 0.16 | T28: =IF(OR(L28=0,Q28=0),0,Q28/L28) -> 1 | U28: =IF(OR(L28=0,O28=0),0,O28/L28) -> 0.9 | V28: =U28-T28 -> -0.1
A29: =A28+1 -> 167 | B29: Formwork Fixing | D29: =E29 -> 21 | E29: =IF(AND(F29<>"",G29<>"",(G29-F29)=0),1,G29-F29+1) -> 21 | F29: 45301 | G29: 45321 | H29: =I29 -> 45425 | I29: 45425 | J29: 45437 | K29: =J29 -> 45437 | L29: 100 | M29: 0 | N29: =M29*100 -> 0 | O29: 90 | P29: % | Q29: =IF(OR(F29="",G29="",L29=""),0,MIN(MAX(IF(F29>$V$1,0,(((G29-F29)-(G29-$V$1))*(10/E29)/10)),0),1)*L29) -> 100 | S29: =D29/$D$27 -> 0.168 | T29: =IF(OR(L29=0,Q29=0),0,Q29/L29) -> 1 | U29: =IF(OR(L29=0,O29=0),0,O29/L29) -> 0.9 | V29: =U29-T29 -> -0.1
A30: =A29+1 -> 168 | B30: Anchor Bolt Fixing | D30: =E30 -> 21 | E30: =IF(AND(F30<>"",G30<>"",(G30-F30)=0),1,G30-F30+1) -> 21 | F30: 45303 | G30: 45323 | H30: =I30 -> 45427 | I30: 45427 | J30: 45440 | K30: =J30 -> 45440 | L30: 100 | M30: 0 | N30: =M30*100 -> 0 | O30: 90 | P30: % | Q30: =IF(OR(F30="",G30="",L30=""),0,MIN(MAX(IF(F30>$V$1,0,(((G30-F30)-(G30-$V$1))*(10/E30)/10)),0),1)*L30) -> 100 | S30: =D30/$D$27 -> 0.168 | T30: =IF(OR(L30=0,Q30=0),0,Q30/L30) -> 1 | U30: =IF(OR(L30=0,O30=0),0,O30/L30) -> 0.9 | V30: =U30-T30 -> -0.1
A31: =A30+1 -> 169 | B31: Concrete Pouring | D31: =E31 -> 21 | E31: =IF(AND(F31<>"",G31<>"",(G31-F31)=0),1,G31-F31+1) -> 21 | F31: 45307 | G31: 45327 | H31: =I31 -> 45430 | I31: 45430 | J31: 45443 | K31: =J31 -> 45443 | L31: 100 | M31: 0 | N31: =M31*100 -> 0 | O31: 90 | P31: % | Q31: =IF(OR(F31="",G31="",L31=""),0,MIN(MAX(IF(F31>$V$1,0,(((G31-F31)-(G31-$V$1))*(10/E31)/10)),0),1)*L31) -> 100 | S31: =D31/$D$27 -> 0.168 | T31: =IF(OR(L31=0,Q31=0),0,Q31/L31) -> 1 | U31: =IF(OR(L31=0,O31=0),0,O31/L31) -> 0.9 | V31: =U31-T31 -> -0.1
A32: =A31+1 -> 170 | B32: Formwork Dismantling | D32: =E32 -> 21 | E32: =IF(AND(F32<>"",G32<>"",(G32-F32)=0),1,G32-F32+1) -> 21 | F32: 45310 | G32: 45330 | H32: =I32 -> 45434 | I32: 45434 | J32: 45447 | K32: =J32 -> 45447 | L32: 100 | M32: 0 | N32: =M32*100 -> 0 | O32: 90 | P32: % | Q32: =IF(OR(F32="",G32="",L32=""),0,MIN(MAX(IF(F32>$V$1,0,(((G32-F32)-(G32-$V$1))*(10/E32)/10)),0),1)*L32) -> 100 | S32: =D32/$D$27 -> 0.168 | T32: =IF(OR(L32=0,Q32=0),0,Q32/L32) -> 1 | U32: =IF(OR(L32=0,O32=0),0,O32/L32) -> 0.9 | V32: =U32-T32 -> -0.1
A33: =A32+1 -> 171 | B33: Backfill with compaction | D33: =E33 -> 21 | E33: =IF(AND(F33<>"",G33<>"",(G33-F33)=0),1,G33-F33+1) -> 21 | F33: 45311 | G33: 45331 | H33: =I33 -> 45435 | I33: 45435 | J33: 45448 | K33: =J33 -> 45448 | L33: 100 | M33: 0 | N33: =M33*100 -> 0 | O33: 20 | P33: % | Q33: =IF(OR(F33="",G33="",L33=""),0,MIN(MAX(IF(F33>$V$1,0,(((G33-F33)-(G33-$V$1))*(10/E33)/10)),0),1)*L33) -> 100 | S33: =D33/$D$27 -> 0.168 | T33: =IF(OR(L33=0,Q33=0),0,Q33/L33) -> 1 | U33: =IF(OR(L33=0,O33=0),0,O33/L33) -> 0.2 | V33: =U33-T33 -> -0.8
A34: =A33+1 -> 172 | B34: Completion of Stump | D34: 0 | E34: =IF(AND(F34<>"",G34<>"",(G34-F34)=0),1,G34-F34+1) -> 1 | F34: 45331 | G34: 45331 | H34: =I34 -> 45448 | I34: 45448 | J34: 45448 | K34: =J34 -> 45448 | L34: 100 | M34: 0 | N34: =M34*100 -> 0 | P34: % | Q34: =IF(OR(F34="",G34="",L34=""),0,MIN(MAX(IF(F34>$V$1,0,(((G34-F34)-(G34-$V$1))*(10/E34)/10)),0),1)*L34) -> 100 | S34: =D34/$D$27 -> 0 | T34: =IF(OR(L34=0,Q34=0),0,Q34/L34) -> 1 | U34: =IF(OR(L34=0,O34=0),0,O34/L34) -> 0 | V34: =U34-T34 -> -1
A35: =A34+1 -> 173 | B35: Completion of Structure | D35: 0 | E35: =IF(AND(F35<>"",G35<>"",(G35-F35)=0),1,G35-F35+1) -> 1 | F35: 45331 | G35: 45331 | H35: =I35 -> 45448 | I35: 45448 | J35: 45448 | K35: =J35 -> 45448 | L35: 100 | M35: 0 | N35: =M35*100 -> 0 | P35: % | Q35: =IF(OR(F35="",G35="",L35=""),0,MIN(MAX(IF(F35>$V$1,0,(((G35-F35)-(G35-$V$1))*(10/E35)/10)),0),1)*L35) -> 100 | S35: =D35/$D$15 -> 0 | T35: =IF(OR(L35=0,Q35=0),0,Q35/L35) -> 1 | U35: =IF(OR(L35=0,O35=0),0,O35/L35) -> 0 | V35: =U35-T35 -> -1
A36: =A35+1 -> 174 | B36: Tank / Equipment and Pump Foundation | D36: =SUM(D37,D49) -> 185 | E36: =IF(AND(F36<>"",G36<>"",(G36-F36)=0),1,G36-F36+1) -> 42 | F36: 45296 | G36: 45337 | H36: =I36 -> 45316 | I36: 45316 | J36: 45374 | K36: =J36 -> 45374 | M36: 0 | S36: =D36/$D$14 -> 0.22783251 | T36: =$S37*T37+$S49*T49 -> 1 | U36: =$S37*U37+$S49*U49 -> 1 | V36: =U36-T36 -> 0
A37: =A36+1 -> 175 | B37: Tank / Equipment Foundation | D37: =SUM(D38:D48) -> 185 | E37: =IF(AND(F37<>"",G37<>"",(G37-F37)=0),1,G37-F37+1) -> 42 | F37: 45296 | G37: 45337 | H37: =I37 -> 45316 | I37: 45316 | J37: 45374 | K37: =J37 -> 45374 | M37: 0 | S37: =D37/$D$36 -> 1 | T37: {=SUMPRODUCT($S38:$S48*T38:T48)} -> 1 | U37: {=SUMPRODUCT($S38:$S48*U38:U48)} -> 1 | V37: =U37-T37 -> 0
A38: =A37+1 -> 176 | B38: Excavation | D38: =E38 -> 19 | E38: =IF(AND(F38<>"",G38<>"",(G38-F38)=0),1,G38-F38+1) -> 19 | F38: 45296 | G38: 45314 | H38: =I38 -> 45316 | I38: 45316 | J38: 45334 | K38: =J38 -> 45334 | L38: 100 | M38: 0 | N38: =M38*100 -> 0 | O38: 100 | P38: % | Q38: =IF(OR(F38="",G38="",L38=""),0,MIN(MAX(IF(F38>$V$1,0,(((G38-F38)-(G38-$V$1))*(10/E38)/10)),0),1)*L38) -> 100 | S38: =D38/$D$37 -> 0.1027027 | T38: =IF(OR(L38=0,Q38=0),0,Q38/L38) -> 1 | U38: =IF(OR(L38=0,O38=0),0,O38/L38) -> 1 | V38: =U38-T38 -> 0
A39: =A38+1 -> 177 | B39: Leveling and Compaction | D39: =E39 -> 18 | E39: =IF(AND(F39<>"",G39<>"",(G39-F39)=0),1,G39-F39+1) -> 18 | F39: 45299 | G39: 45316 | H39: =I39 -> 45325 | I39: 45325 | J39: 45335 | K39: =J39 -> 45335 | L39: 100 | M39: 0 | N39: =M39*100 -> 0 | O39: 100 | P39: % | Q39: =IF(OR(F39="",G39="",L39=""),0,MIN(MAX(IF(F39>$V$1,0,(((G39-F39)-(G39-$V$1))*(10/E39)/10)),0),1)*L39) -> 100 | S39: =D39/$D$37 -> 0.097297297 | T39: =IF(OR(L39=0,Q39=0),0,Q39/L39) -> 1 | U39: =IF(OR(L39=0,O39=0),0,O39/L39) -> 1 | V39: =U39-T39 -> 0
A40: =A39+1 -> 178 | B40: Lean Concrete Pouring | D40: =E40 -> 18 | E40: =IF(AND(F40<>"",G40<>"",(G40-F40)=0),1,G40-F40+1) -> 18 | F40: 45300 | G40: 45317 | H40: =I40 -> 45328 | I40: 45328 | J40: 45341 | K40: =J40 -> 45341 | L40: 100 | M40: 0 | N40: =M40*100 -> 0 | O40: 100 | P40: % | Q40: =IF(OR(F40="",G40="",L40=""),0,MIN(MAX(IF(F40>$V$1,0,(((G40-F40)-(G40-$V$1))*(10/E40)/10)),0),1)*L40) -> 100 | S40: =D40/$D$37 -> 0.097297297 | T40: =IF(OR(L40=0,Q40=0),0,Q40/L40) -> 1 | U40: =IF(OR(L40=0,O40=0),0,O40/L40) -> 1 | V40: =U40-T40 -> 0
A41: =A40+1 -> 179 | B41: Pile Cutting and Treatment | D41: =E41 -> 19 | E41: =IF(AND(F41<>"",G41<>"",(G41-F41)=0),1,G41-F41+1) -> 19 | F41: 45302 | G41: 45320 | H41: =I41 -> 45329 | I41: 45329 | J41: 45342 | K41: =J41 -> 45342 | L41: 100 | M41: 0 | N41: =M41*100 -> 0 | O41: 100 | P41: % | Q41: =IF(OR(F41="",G41="",L41=""),0,MIN(MAX(IF(F41>$V$1,0,(((G41-F41)-(G41-$V$1))*(10/E41)/10)),0),1)*L41) -> 100 | S41: =D41/$D$37 -> 0.1027027 | T41: =IF(OR(L41=0,Q41=0),0,Q41/L41) -> 1 | U41: =IF(OR(L41=0,O41=0),0,O41/L41) -> 1 | V41: =U41-T41 -> 0
A42: =A41+1 -> 180 | B42: Reinforcement Bar Fixing | D42: =E42 -> 18 | E42: =IF(AND(F42<>"",G42<>"",(G42-F42)=0),1,G42-F42+1) -> 18 | F42: 45306 | G42: 45323 | H42: =I42 -> 45330 | I42: 45330 | J42: 45351 | K42: =J42 -> 45351 | L42: 100 | M42: 0 | N42: =M42*100 -> 0 | O42: 100 | P42: % | Q42: =IF(OR(F42="",G42="",L42=""),0,MIN(MAX(IF(F42>$V$1,0,(((G42-F42)-(G42-$V$1))*(10/E42)/10)),0),1)*L42) -> 100 | S42: =D42/$D$37 -> 0.097297297 | T42: =IF(OR(L42=0,Q42=0),0,Q42/L42) -> 1 | U42: =IF(OR(L42=0,O42=0),0,O42/L42) -> 1 | V42: =U42-T42 -> 0
A43: =A42+1 -> 181 | B43: Formwork Fixing | D43: =E43 -> 19 | E43: =IF(AND(F43<>"",G43<>"",(G43-F43)=0),1,G43-F43+1) -> 19 | F43: 45309 | G43: 45327 | H43: =I43 -> 45335 | I43: 45335 | J43: 45359 | K43: =J43 -> 45359 | L43: 100 | M43: 0 | N43: =M43*100 -> 0 | O43: 100 | P43: % | Q43: =IF(OR(F43="",G43="",L43=""),0,MIN(MAX(IF(F43>$V$1,0,(((G43-F43)-(G43-$V$1))*(10/E43)/10)),0),1)*L43) -> 100 | S43: =D43/$D$37 -> 0.1027027 | T43: =IF(OR(L43=0,Q43=0),0,Q43/L43) -> 1 | U43: =IF(OR(L43=0,O43=0),0,O43/L43) -> 1 | V43: =U43-T43 -> 0
A44: =A43+1 -> 182 | B44: Anchor Bolt / Inserted Plate Fixing | D44: =E44 -> 19 | E44: =IF(AND(F44<>"",G44<>"",(G44-F44)=0),1,G44-F44+1) -> 19 | F44: 45311 | G44: 45329 | H44: =I44 -> 45346 | I44: 45346 | J44: 45370 | K44: =J44 -> 45370 | L44: 100 | M44: 0 | N44: =M44*100 -> 0 | O44: 100 | P44: % | Q44: =IF(OR(F44="",G44="",L44=""),0,MIN(MAX(IF(F44>$V$1,0,(((G44-F44)-(G44-$V$1))*(10/E44)/10)),0),1)*L44) -> 100 | S44: =D44/$D$37 -> 0.1027027 | T44: =IF(OR(L44=0,Q44=0),0,Q44/L44) -> 1 | U44: =IF(OR(L44=0,O44=0),0,O44/L44) -> 1 | V44: =U44-T44 -> 0
A45: =A44+1 -> 183 | B45: Concrete Pouring | D45: =E45 -> 18 | E45: =IF(AND(F45<>"",G45<>"",(G45-F45)=0),1,G45-F45+1) -> 18 | F45: 45315 | G45: 45332 | H45: =I45 -> 45349 | I45: 45349 | J45: 45371 | K45: =J45 -> 45371 | L45: 100 | M45: 0 | N45: =M45*100 -> 0 | O45: 100 | P45: % | Q45: =IF(OR(F45="",G45="",L45=""),0,MIN(MAX(IF(F45>$V$1,0,(((G45-F45)-(G45-$V$1))*(10/E45)/10)),0),1)*L45) -> 100 | S45: =D45/$D$37 -> 0.097297297 | T45: =IF(OR(L45=0,Q45=0),0,Q45/L45) -> 1 | U45: =IF(OR(L45=0,O45=0),0,O45/L45) -> 1 | V45: =U45-T45 -> 0
A46: =A45+1 -> 184 | B46: Formwork Dismantling | D46: =E46 -> 19 | E46: =IF(AND(F46<>"",G46<>"",(G46-F46)=0),1,G46-F46+1) -> 19 | F46: 45318 | G46: 45336 | H46: =I46 -> 45352 | I46: 45352 | J46: 45372 | K46: =J46 -> 45372 | L46: 100 | M46: 0 | N46: =M46*100 -> 0 | O46: 100 | P46: % | Q46: =IF(OR(F46="",G46="",L46=""),0,MIN(MAX(IF(F46>$V$1,0,(((G46-F46)-(G46-$V$1))*(10/E46)/10)),0),1)*L46) -> 100 | S46: =D46/$D$37 -> 0.1027027 | T46: =IF(OR(L46=0,Q46=0),0,Q46/L46) -> 1 | U46: =IF(OR(L46=0,O46=0),0,O46/L46) -> 1 | V46: =U46-T46 -> 0
A47: =A46+1 -> 185 | B47: Backfill with compaction | D47: =E47 -> 18 | E47: =IF(AND(F47<>"",G47<>"",(G47-F47)=0),1,G47-F47+1) -> 18 | F47: 45320 | G47: 45337 | H47: =I47 -> 45353 | I47: 45353 | J47: 45374 | K47: =J47 -> 45374 | L47: 100 | M47: 0 | N47: =M47*100 -> 0 | O47: 100 | P47: % | Q47: =IF(OR(F47="",G47="",L47=""),0,MIN(MAX(IF(F47>$V$1,0,(((G47-F47)-(G47-$V$1))*(10/E47)/10)),0),1)*L47) -> 100 | S47: =D47/$D$37 -> 0.097297297 | T47: =IF(OR(L47=0,Q47=0),0,Q47/L47) -> 1 | U47: =IF(OR(L47=0,O47=0),0,O47/L47) -> 1 | V47: =U47-T47 -> 0
A48: =A47+1 -> 186 | B48: Completion of Tank / Equipment | D48: 0 | E48: =IF(AND(F48<>"",G48<>"",(G48-F48)=0),1,G48-F48+1) -> 1 | F48: 45337 | G48: 45337 | H48: =I48 -> 45373 | I48: 45373 | J48: 45373 | K48: =J48 -> 45373 | L48: 100 | M48: 0 | N48: =M48*100 -> 0 | O48: 100 | P48: % | Q48: =IF(OR(F48="",G48="",L48=""),0,MIN(MAX(IF(F48>$V$1,0,(((G48-F48)-(G48-$V$1))*(10/E48)/10)),0),1)*L48) -> 100 | S48: =D48/$D$37 -> 0 | T48: =IF(OR(L48=0,Q48=0),0,Q48/L48) -> 1 | U48: =IF(OR(L48=0,O48=0),0,O48/L48) -> 1 | V48: =U48-T48 -> 0
A49: =A48+1 -> 187 | B49: Completion of Tank / Equipment and Pump Foundation | D49: 0 | E49: =IF(AND(F49<>"",G49<>"",(G49-F49)=0),1,G49-F49+1) -> 1 | F49: 45337 | G49: 45337 | H49: =I49 -> 45373 | I49: 45373 | J49: 45373 | K49: =J49 -> 45373 | L49: 100 | M49: 0 | N49: =M49*100 -> 0 | O49: 100 | P49: % | Q49: =IF(OR(F49="",G49="",L49=""),0,MIN(MAX(IF(F49>$V$1,0,(((G49-F49)-(G49-$V$1))*(10/E49)/10)),0),1)*L49) -> 100 | S49: =D49/$D$36 -> 0 | T49: =IF(OR(L49=0,Q49=0),0,Q49/L49) -> 1 | U49: =IF(OR(L49=0,O49=0),0,O49/L49) -> 1 | V49: =U49-T49 -> 0
A50: =A49+1 -> 188 | B50: General | D50: =SUM(D51,D64,D80) -> 314 | E50: =IF(AND(F50<>"",G50<>"",(G50-F50)=0),1,G50-F50+1) -> 58 | F50: 45280 | G50: 45337 | H50: =I50 -> 45313 | I50: 45313 | J50: 45388 | K50: =J50 -> 45388 | M50: 0 | S50: =D50/$D$14 -> 0.38669951 | T50: =$S51*T51+$S64*T64+$S80*T80 -> 1 | U50: =$S51*U51+$S64*U64+$S80*U80 -> 0.11480892 | V50: =U50-T50 -> -0.88519108
A51: =A50+1 -> 189 | B51: Pipe Gallery | D51: =SUM(D52,D63) -> 188 | E51: =IF(AND(F51<>"",G51<>"",(G51-F51)=0),1,G51-F51+1) -> 56 | F51: 45280 | G51: 45335 | H51: =I51 -> 45313 | I51: 45313 | J51: 45388 | K51: =J51 -> 45388 | M51: 0 | S51: =D51/$D$50 -> 0.59872611 | T51: =$S52*T52+$S63*T63 -> 1 | U51: =$S52*U52+$S63*U63 -> 0.13962766 | V51: =U51-T51 -> -0.86037234
A52: =A51+1 -> 190 | B52: Pile Cap | D52: =SUM(D53:D62) -> 188 | E52: =IF(AND(F52<>"",G52<>"",(G52-F52)=0),1,G52-F52+1) -> 41 | F52: 45280 | G52: 45320 | H52: =I52 -> 45313 | I52: 45313 | J52: 45388 | K52: =J52 -> 45388 | M52: 0 | S52: =D52/$D$51 -> 1 | T52: {=SUMPRODUCT($S53:$S62*T53:T62)} -> 1 | U52: {=SUMPRODUCT($S53:$S62*U53:U62)} -> 0.13962766 | V52: =U52-T52 -> -0.86037234
A53: =A52+1 -> 191 | B53: Excavation | D53: =E53 -> 21 | E53: =IF(AND(F53<>"",G53<>"",(G53-F53)=0),1,G53-F53+1) -> 21 | F53: 45280 | G53: 45300 | H53: =I53 -> 45313 | I53: 45313 | J53: 45388 | K53: =J53 -> 45388 | L53: 100 | M53: 0 | N53: =M53*100 -> 0 | O53: 75 | P53: % | Q53: =IF(OR(F53="",G53="",L53=""),0,MIN(MAX(IF(F53>$V$1,0,(((G53-F53)-(G53-$V$1))*(10/E53)/10)),0),1)*L53) -> 100 | S53: =D53/$D$52 -> 0.11170213 | T53: =IF(OR(L53=0,Q53=0),0,Q53/L53) -> 1 | U53: =IF(OR(L53=0,O53=0),0,O53/L53) -> 0.75 | V53: =U53-T53 -> -0.25
A54: =A53+1 -> 192 | B54: Leveling and Compaction | D54: =E54 -> 21 | E54: =IF(AND(F54<>"",G54<>"",(G54-F54)=0),1,G54-F54+1) -> 21 | F54: 45282 | G54: 45302 | H54: =I54 -> 45315 | I54: 45315 | J54: 45328 | K54: =J54 -> 45328 | L54: 100 | M54: 0 | N54: =M54*100 -> 0 | O54: 50 | P54: % | Q54: =IF(OR(F54="",G54="",L54=""),0,MIN(MAX(IF(F54>$V$1,0,(((G54-F54)-(G54-$V$1))*(10/E54)/10)),0),1)*L54) -> 100 | S54: =D54/$D$52 -> 0.11170213 | T54: =IF(OR(L54=0,Q54=0),0,Q54/L54) -> 1 | U54: =IF(OR(L54=0,O54=0),0,O54/L54) -> 0.5 | V54: =U54-T54 -> -0.5
A55: =A54+1 -> 193 | B55: Lean Concrete Pouring | D55: =E55 -> 21 | E55: =IF(AND(F55<>"",G55<>"",(G55-F55)=0),1,G55-F55+1) -> 21 | F55: 45283 | G55: 45303 | H55: =I55 -> 45316 | I55: 45316 | J55: 45329 | K55: =J55 -> 45329 | L55: 100 | M55: 0 | N55: =M55*100 -> 0 | P55: % | Q55: =IF(OR(F55="",G55="",L55=""),0,MIN(MAX(IF(F55>$V$1,0,(((G55-F55)-(G55-$V$1))*(10/E55)/10)),0),1)*L55) -> 100 | S55: =D55/$D$52 -> 0.11170213 | T55: =IF(OR(L55=0,Q55=0),0,Q55/L55) -> 1 | U55: =IF(OR(L55=0,O55=0),0,O55/L55) -> 0 | V55: =U55-T55 -> -1
A56: =A55+1 -> 194 | B56: Pile Cutting and Treatment | D56: =E56 -> 21 | E56: =IF(AND(F56<>"",G56<>"",(G56-F56)=0),1,G56-F56+1) -> 21 | F56: 45286 | G56: 45306 | H56: =I56 -> 45318 | I56: 45318 | J56: 45331 | K56: =J56 -> 45331 | L56: 100 | M56: 0 | N56: =M56*100 -> 0 | P56: % | Q56: =IF(OR(F56="",G56="",L56=""),0,MIN(MAX(IF(F56>$V$1,0,(((G56-F56)-(G56-$V$1))*(10/E56)/10)),0),1)*L56) -> 100 | S56: =D56/$D$52 -> 0.11170213 | T56: =IF(OR(L56=0,Q56=0),0,Q56/L56) -> 1 | U56: =IF(OR(L56=0,O56=0),0,O56/L56) -> 0 | V56: =U56-T56 -> -1
A57: =A56+1 -> 195 | B57: Reinforcement Bar Fixing | D57: =E57 -> 21 | E57: =IF(AND(F57<>"",G57<>"",(G57-F57)=0),1,G57-F57+1) -> 21 | F57: 45289 | G57: 45309 | H57: =I57 -> 45322 | I57: 45322 | J57: 45335 | K57: =J57 -> 45335 | L57: 100 | M57: 0 | N57: =M57*100 -> 0 | P57: % | Q57: =IF(OR(F57="",G57="",L57=""),0,MIN(MAX(IF(F57>$V$1,0,(((G57-F57)-(G57-$V$1))*(10/E57)/10)),0),1)*L57) -> 100 | S57: =D57/$D$52 -> 0.11170213 | T57: =IF(OR(L57=0,Q57=0),0,Q57/L57) -> 1 | U57: =IF(OR(L57=0,O57=0),0,O57/L57) -> 0 | V57: =U57-T57 -> -1
A58: =A57+1 -> 196 | B58: Formwork Fixing | D58: =E58 -> 21 | E58: =IF(AND(F58<>"",G58<>"",(G58-F58)=0),1,G58-F58+1) -> 21 | F58: 45293 | G58: 45313 | H58: =I58 -> 45325 | I58: 45325 | J58: 45338 | K58: =J58 -> 45338 | L58: 100 | M58: 0 | N58: =M58*100 -> 0 | P58: % | Q58: =IF(OR(F58="",G58="",L58=""),0,MIN(MAX(IF(F58>$V$1,0,(((G58-F58)-(G58-$V$1))*(10/E58)/10)),0),1)*L58) -> 100 | S58: =D58/$D$52 -> 0.11170213 | T58: =IF(OR(L58=0,Q58=0),0,Q58/L58) -> 1 | U58: =IF(OR(L58=0,O58=0),0,O58/L58) -> 0 | V58: =U58-T58 -> -1
A59: =A58+1 -> 197 | B59: Concrete Pouring | D59: =E59 -> 21 | E59: =IF(AND(F59<>"",G59<>"",(G59-F59)=0),1,G59-F59+1) -> 21 | F59: 45295 | G59: 45315 | H59: =I59 -> 45328 | I59: 45328 | J59: 45341 | K59: =J59 -> 45341 | L59: 100 | M59: 0 | N59: =M59*100 -> 0 | P59: % | Q59: =IF(OR(F59="",G59="",L59=""),0,MIN(MAX(IF(F59>$V$1,0,(((G59-F59)-(G59-$V$1))*(10/E59)/10)),0),1)*L59) -> 100 | S59: =D59/$D$52 -> 0.11170213 | T59: =IF(OR(L59=0,Q59=0),0,Q59/L59) -> 1 | U59: =IF(OR(L59=0,O59=0),0,O59/L59) -> 0 | V59: =U59-T59 -> -1
A60: =A59+1 -> 198 | B60: Formwork Dismantling | D60: =E60 -> 20 | E60: =IF(AND(F60<>"",G60<>"",(G60-F60)=0),1,G60-F60+1) -> 20 | F60: 45299 | G60: 45318 | H60: =I60 -> 45331 | I60: 45331 | J60: 45344 | K60: =J60 -> 45344 | L60: 100 | M60: 0 | N60: =M60*100 -> 0 | P60: % | Q60: =IF(OR(F60="",G60="",L60=""),0,MIN(MAX(IF(F60>$V$1,0,(((G60-F60)-(G60-$V$1))*(10/E60)/10)),0),1)*L60) -> 100 | S60: =D60/$D$52 -> 0.10638298 | T60: =IF(OR(L60=0,Q60=0),0,Q60/L60) -> 1 | U60: =IF(OR(L60=0,O60=0),0,O60/L60) -> 0 | V60: =U60-T60 -> -1
A61: =A60+1 -> 199 | B61: Backfill with compaction | D61: =E61 -> 21 | E61: =IF(AND(F61<>"",G61<>"",(G61-F61)=0),1,G61-F61+1) -> 21 | F61: 45300 | G61: 45320 | H61: =I61 -> 45332 | I61: 45332 | J61: 45345 | K61: =J61 -> 45345 | L61: 100 | M61: 0 | N61: =M61*100 -> 0 | P61: % | Q61: =IF(OR(F61="",G61="",L61=""),0,MIN(MAX(IF(F61>$V$1,0,(((G61-F61)-(G61-$V$1))*(10/E61)/10)),0),1)*L61) -> 100 | S61: =D61/$D$52 -> 0.11170213 | T61: =IF(OR(L61=0,Q61=0),0,Q61/L61) -> 1 | U61: =IF(OR(L61=0,O61=0),0,O61/L61) -> 0 | V61: =U61-T61 -> -1
A62: =A61+1 -> 200 | B62: Completion of Pile Cap | D62: 0 | E62: =IF(AND(F62<>"",G62<>"",(G62-F62)=0),1,G62-F62+1) -> 1 | F62: 45320 | G62: 45320 | H62: =I62 -> 45388 | I62: 45388 | J62: 45388 | K62: =J62 -> 45388 | L62: 100 | M62: 0 | N62: =M62*100 -> 0 | P62: % | Q62: =IF(OR(F62="",G62="",L62=""),0,MIN(MAX(IF(F62>$V$1,0,(((G62-F62)-(G62-$V$1))*(10/E62)/10)),0),1)*L62) -> 100 | S62: =D62/$D$52 -> 0 | T62: =IF(OR(L62=0,Q62=0),0,Q62/L62) -> 1 | U62: =IF(OR(L62=0,O62=0),0,O62/L62) -> 0 | V62: =U62-T62 -> -1
A63: =A62+1 -> 201 | B63: Completion of Pipe Gallery | D63: 0 | E63: =IF(AND(F63<>"",G63<>"",(G63-F63)=0),1,G63-F63+1) -> 1 | F63: 45335 | G63: 45335 | H63: =I63 -> 45388 | I63: 45388 | J63: 45388 | K63: =J63 -> 45388 | L63: 100 | M63: 0 | N63: =M63*100 -> 0 | P63: % | Q63: =IF(OR(F63="",G63="",L63=""),0,MIN(MAX(IF(F63>$V$1,0,(((G63-F63)-(G63-$V$1))*(10/E63)/10)),0),1)*L63) -> 100 | S63: =D63/$D$51 -> 0 | T63: =IF(OR(L63=0,Q63=0),0,Q63/L63) -> 1 | U63: =IF(OR(L63=0,O63=0),0,O63/L63) -> 0 | V63: =U63-T63 -> -1
A64: =A63+1 -> 202 | B64: Tank Yard Slab with Cofferdam | D64: =SUM(D65,D74,D79) -> 126 | E64: =IF(AND(F64<>"",G64<>"",(G64-F64)=0),1,G64-F64+1) -> 36 | F64: 45302 | G64: 45337 | H64: =I64 -> 45335 | I64: 45335 | J64: 45370 | K64: =J64 -> 45370 | M64: 0 | S64: =D64/$D$50 -> 0.40127389 | T64: =$S65*T65+$S74*T74+$S79*T79 -> 1 | U64: =$S65*U65+$S74*U74+$S79*U79 -> 0.077777778 | V64: =U64-T64 -> -0.92222222
A65: =A64+1 -> 203 | B65: Tank Yard Slab | D65: =SUM(D66:D73) -> 98 | E65: =IF(AND(F65<>"",G65<>"",(G65-F65)=0),1,G65-F65+1) -> 31 | F65: 45302 | G65: 45332 | H65: =I65 -> 45335 | I65: 45335 | J65: 45358 | K65: =J65 -> 45358 | M65: 0 | S65: =D65/$D$64 -> 0.77777778 | T65: {=SUMPRODUCT($S66:$S73*T66:T73)} -> 1 | U65: {=SUMPRODUCT($S66:$S73*U66:U73)} -> 0.1 | V65: =U65-T65 -> -0.9
A66: =A65+1 -> 204 | B66: Leveling and Compaction | D66: =E66 -> 14 | E66: =IF(AND(F66<>"",G66<>"",(G66-F66)=0),1,G66-F66+1) -> 14 | F66: 45302 | G66: 45315 | H66: =I66 -> 45335 | I66: 45335 | J66: 45341 | K66: =J66 -> 45341 | L66: 100 | M66: 0 | N66: =M66*100 -> 0 | O66: 70 | P66: % | Q66: =IF(OR(F66="",G66="",L66=""),0,MIN(MAX(IF(F66>$V$1,0,(((G66-F66)-(G66-$V$1))*(10/E66)/10)),0),1)*L66) -> 100 | S66: =D66/$D$65 -> 0.14285714 | T66: =IF(OR(L66=0,Q66=0),0,Q66/L66) -> 1 | U66: =IF(OR(L66=0,O66=0),0,O66/L66) -> 0.7 | V66: =U66-T66 -> -0.3
A67: =A66+1 -> 205 | B67: Sub Base Laying and Compaction | D67: =E67 -> 14 | E67: =IF(AND(F67<>"",G67<>"",(G67-F67)=0),1,G67-F67+1) -> 14 | F67: 45304 | G67: 45317 | H67: =I67 -> 45337 | I67: 45337 | J67: 45343 | K67: =J67 -> 45343 | L67: 100 | M67: 0 | N67: =M67*100 -> 0 | P67: % | Q67: =IF(OR(F67="",G67="",L67=""),0,MIN(MAX(IF(F67>$V$1,0,(((G67-F67)-(G67-$V$1))*(10/E67)/10)),0),1)*L67) -> 100 | S67: =D67/$D$65 -> 0.14285714 | T67: =IF(OR(L67=0,Q67=0),0,Q67/L67) -> 1 | U67: =IF(OR(L67=0,O67=0),0,O67/L67) -> 0 | V67: =U67-T67 -> -1
A68: =A67+1 -> 206 | B68: Lean Concrete Pouring | D68: =E68 -> 14 | E68: =IF(AND(F68<>"",G68<>"",(G68-F68)=0),1,G68-F68+1) -> 14 | F68: 45307 | G68: 45320 | H68: =I68 -> 45339 | I68: 45339 | J68: 45345 | K68: =J68 -> 45345 | L68: 100 | M68: 0 | N68: =M68*100 -> 0 | P68: % | Q68: =IF(OR(F68="",G68="",L68=""),0,MIN(MAX(IF(F68>$V$1,0,(((G68-F68)-(G68-$V$1))*(10/E68)/10)),0),1)*L68) -> 100 | S68: =D68/$D$65 -> 0.14285714 | T68: =IF(OR(L68=0,Q68=0),0,Q68/L68) -> 1 | U68: =IF(OR(L68=0,O68=0),0,O68/L68) -> 0 | V68: =U68-T68 -> -1
A69: =A68+1 -> 207 | B69: Reinforcement Bar Fixing | D69: =E69 -> 14 | E69: =IF(AND(F69<>"",G69<>"",(G69-F69)=0),1,G69-F69+1) -> 14 | F69: 45308 | G69: 45321 | H69: =I69 -> 45341 | I69: 45341 | J69: 45346 | K69: =J69 -> 45346 | L69: 100 | M69: 0 | N69: =M69*100 -> 0 | P69: % | Q69: =IF(OR(F69="",G69="",L69=""),0,MIN(MAX(IF(F69>$V$1,0,(((G69-F69)-(G69-$V$1))*(10/E69)/10)),0),1)*L69) -> 100 | S69: =D69/$D$65 -> 0.14285714 | T69: =IF(OR(L69=0,Q69=0),0,Q69/L69) -> 1 | U69: =IF(OR(L69=0,O69=0),0,O69/L69) -> 0 | V69: =U69-T69 -> -1
A70: =A69+1 -> 208 | B70: Formwork Fixing | D70: =E70 -> 13 | E70: =IF(AND(F70<>"",G70<>"",(G70-F70)=0),1,G70-F70+1) -> 13 | F70: 45313 | G70: 45325 | H70: =I70 -> 45345 | I70: 45345 | J70: 45351 | K70: =J70 -> 45351 | L70: 100 | M70: 0 | N70: =M70*100 -> 0 | P70: % | Q70: =IF(OR(F70="",G70="",L70=""),0,MIN(MAX(IF(F70>$V$1,0,(((G70-F70)-(G70-$V$1))*(10/E70)/10)),0),1)*L70) -> 100 | S70: =D70/$D$65 -> 0.13265306 | T70: =IF(OR(L70=0,Q70=0),0,Q70/L70) -> 1 | U70: =IF(OR(L70=0,O70=0),0,O70/L70) -> 0 | V70: =U70-T70 -> -1
A71: =A70+1 -> 209 | B71: Concrete Pouring | D71: =E71 -> 14 | E71: =IF(AND(F71<>"",G71<>"",(G71-F71)=0),1,G71-F71+1) -> 14 | F71: 45315 | G71: 45328 | H71: =I71 -> 45348 | I71: 45348 | J71: 45353 | K71: =J71 -> 45353 | L71: 100 | M71: 0 | N71: =M71*100 -> 0 | P71: % | Q71: =IF(OR(F71="",G71="",L71=""),0,MIN(MAX(IF(F71>$V$1,0,(((G71-F71)-(G71-$V$1))*(10/E71)/10)),0),1)*L71) -> 100 | S71: =D71/$D$65 -> 0.14285714 | T71: =IF(OR(L71=0,Q71=0),0,Q71/L71) -> 1 | U71: =IF(OR(L71=0,O71=0),0,O71/L71) -> 0 | V71: =U71-T71 -> -1
A72: =A71+1 -> 210 | B72: Formwork Dismantling | D72: =E72 -> 14 | E72: =IF(AND(F72<>"",G72<>"",(G72-F72)=0),1,G72-F72+1) -> 14 | F72: 45318 | G72: 45331 | H72: =I72 -> 45351 | I72: 45351 | J72: 45357 | K72: =J72 -> 45357 | L72: 100 | M72: 0 | N72: =M72*100 -> 0 | P72: % | Q72: =IF(OR(F72="",G72="",L72=""),0,MIN(MAX(IF(F72>$V$1,0,(((G72-F72)-(G72-$V$1))*(10/E72)/10)),0),1)*L72) -> 100 | S72: =D72/$D$65 -> 0.14285714 | T72: =IF(OR(L72=0,Q72=0),0,Q72/L72) -> 1 | U72: =IF(OR(L72=0,O72=0),0,O72/L72) -> 0 | V72: =U72-T72 -> -1
A73: =A72+1 -> 211 | B73: Backfill with compaction | D73: =E73 -> 1 | E73: =IF(AND(F73<>"",G73<>"",(G73-F73)=0),1,G73-F73+1) -> 1 | F73: 45332 | G73: 45332 | H73: =I73 -> 45358 | I73: 45358 | J73: 45358 | K73: =J73 -> 45358 | L73: 100 | M73: 0 | N73: =M73*100 -> 0 | P73: % | Q73: =IF(OR(F73="",G73="",L73=""),0,MIN(MAX(IF(F73>$V$1,0,(((G73-F73)-(G73-$V$1))*(10/E73)/10)),0),1)*L73) -> 100 | S73: =D73/$D$65 -> 0.010204082 | T73: =IF(OR(L73=0,Q73=0),0,Q73/L73) -> 1 | U73: =IF(OR(L73=0,O73=0),0,O73/L73) -> 0 | V73: =U73-T73 -> -1
A74: =A73+1 -> 212 | B74: Cofferdam Wall | D74: =SUM(D75:D78) -> 28 | E74: =IF(AND(F74<>"",G74<>"",(G74-F74)=0),1,G74-F74+1) -> 20 | F74: 45318 | G74: 45337 | H74: =I74 -> 45351 | I74: 45351 | J74: 45370 | K74: =J74 -> 45370 | M74: 0 | S74: =D74/$D$64 -> 0.22222222 | T74: {=SUMPRODUCT($S75:$S78*T75:T78)} -> 1 | U74: {=SUMPRODUCT($S75:$S78*U75:U78)} -> 0 | V74: =U74-T74 -> -1
A75: =A74+1 -> 213 | B75: Reinforcement Bar Fixing | D75: =E75 -> 7 | E75: =IF(AND(F75<>"",G75<>"",(G75-F75)=0),1,G75-F75+1) -> 7 | F75: 45318 | G75: 45324 | H75: =I75 -> 45351 | I75: 45351 | J75: 45357 | K75: =J75 -> 45357 | L75: 100 | M75: 0 | N75: =M75*100 -> 0 | P75: % | Q75: =IF(OR(F75="",G75="",L75=""),0,MIN(MAX(IF(F75>$V$1,0,(((G75-F75)-(G75-$V$1))*(10/E75)/10)),0),1)*L75) -> 100 | S75: =D75/$D$74 -> 0.25 | T75: =IF(OR(L75=0,Q75=0),0,Q75/L75) -> 1 | U75: =IF(OR(L75=0,O75=0),0,O75/L75) -> 0 | V75: =U75-T75 -> -1
A76: =A75+1 -> 214 | B76: Formwork Fixing | D76: =E76 -> 7 | E76: =IF(AND(F76<>"",G76<>"",(G76-F76)=0),1,G76-F76+1) -> 7 | F76: 45325 | G76: 45331 | H76: =I76 -> 45358 | I76: 45358 | J76: 45364 | K76: =J76 -> 45364 | L76: 100 | M76: 0 | N76: =M76*100 -> 0 | P76: % | Q76: =IF(OR(F76="",G76="",L76=""),0,MIN(MAX(IF(F76>$V$1,0,(((G76-F76)-(G76-$V$1))*(10/E76)/10)),0),1)*L76) -> 100 | S76: =D76/$D$74 -> 0.25 | T76: =IF(OR(L76=0,Q76=0),0,Q76/L76) -> 1 | U76: =IF(OR(L76=0,O76=0),0,O76/L76) -> 0 | V76: =U76-T76 -> -1
A77: =A76+1 -> 215 | B77: Concrete Pouring | D77: =E77 -> 7 | E77: =IF(AND(F77<>"",G77<>"",(G77-F77)=0),1,G77-F77+1) -> 7 | F77: 45328 | G77: 45334 | H77: =I77 -> 45360 | I77: 45360 | J77: 45366 | K77: =J77 -> 45366 | L77: 100 | M77: 0 | N77: =M77*100 -> 0 | P77: % | Q77: =IF(OR(F77="",G77="",L77=""),0,MIN(MAX(IF(F77>$V$1,0,(((G77-F77)-(G77-$V$1))*(10/E77)/10)),0),1)*L77) -> 100 | S77: =D77/$D$74 -> 0.25 | T77: =IF(OR(L77=0,Q77=0),0,Q77/L77) -> 1 | U77: =IF(OR(L77=0,O77=0),0,O77/L77) -> 0 | V77: =U77-T77 -> -1
A78: =A77+1 -> 216 | B78: Formwork Dismantling | D78: =E78 -> 7 | E78: =IF(AND(F78<>"",G78<>"",(G78-F78)=0),1,G78-F78+1) -> 7 | F78: 45331 | G78: 45337 | H78: =I78 -> 45364 | I78: 45364 | J78: 45370 | K78: =J78 -> 45370 | L78: 100 | M78: 0 | N78: =M78*100 -> 0 | P78: % | Q78: =IF(OR(F78="",G78="",L78=""),0,MIN(MAX(IF(F78>$V$1,0,(((G78-F78)-(G78-$V$1))*(10/E78)/10)),0),1)*L78) -> 100 | S78: =D78/$D$74 -> 0.25 | T78: =IF(OR(L78=0,Q78=0),0,Q78/L78) -> 1 | U78: =IF(OR(L78=0,O78=0),0,O78/L78) -> 0 | V78: =U78-T78 -> -1
A79: =A78+1 -> 217 | B79: Completion of Tank Yard Slab with Cofferdam | D79: 0 | E79: =IF(AND(F79<>"",G79<>"",(G79-F79)=0),1,G79-F79+1) -> 1 | F79: 45337 | G79: 45337 | H79: =I79 -> 45370 | I79: 45370 | J79: 45370 | K79: =J79 -> 45370 | L79: 100 | M79: 0 | N79: =M79*100 -> 0 | P79: % | Q79: =IF(OR(F79="",G79="",L79=""),0,MIN(MAX(IF(F79>$V$1,0,(((G79-F79)-(G79-$V$1))*(10/E79)/10)),0),1)*L79) -> 100 | S79: =D79/$D$64 -> 0 | T79: =IF(OR(L79=0,Q79=0),0,Q79/L79) -> 1 | U79: =IF(OR(L79=0,O79=0),0,O79/L79) -> 0 | V79: =U79-T79 -> -1
A80: =A79+1 -> 218 | B80: Completion of General | D80: 0 | E80: =IF(AND(F80<>"",G80<>"",(G80-F80)=0),1,G80-F80+1) -> 1 | F80: 45337 | G80: 45337 | H80: =I80 -> 45388 | I80: 45388 | J80: 45388 | K80: =J80 -> 45388 | L80: 100 | M80: 0 | N80: =M80*100 -> 0 | P80: % | Q80: =IF(OR(F80="",G80="",L80=""),0,MIN(MAX(IF(F80>$V$1,0,(((G80-F80)-(G80-$V$1))*(10/E80)/10)),0),1)*L80) -> 100 | S80: =D80/$D$50 -> 0 | T80: =IF(OR(L80=0,Q80=0),0,Q80/L80) -> 1 | U80: =IF(OR(L80=0,O80=0),0,O80/L80) -> 0 | V80: =U80-T80 -> -1
A81: =A80+1 -> 219 | B81: Completion of Substructure | D81: 0 | E81: =IF(AND(F81<>"",G81<>"",(G81-F81)=0),1,G81-F81+1) -> 1 | F81: 45337 | G81: 45337 | H81: =I81 -> 45448 | I81: 45448 | J81: 45448 | K81: =J81 -> 45448 | L81: 100 | M81: 0 | N81: =M81*100 -> 0 | P81: % | Q81: =IF(OR(F81="",G81="",L81=""),0,MIN(MAX(IF(F81>$V$1,0,(((G81-F81)-(G81-$V$1))*(10/E81)/10)),0),1)*L81) -> 100 | S81: =D81/$D$14 -> 0 | T81: =IF(OR(L81=0,Q81=0),0,Q81/L81) -> 1 | U81: =IF(OR(L81=0,O81=0),0,O81/L81) -> 0 | V81: =U81-T81 -> -1
A82: =A81+1 -> 220 | B82: Completion of Unit 700 - Auxillary & Tank Yard | D82: 0 | E82: =IF(AND(F82<>"",G82<>"",(G82-F82)=0),1,G82-F82+1) -> 1 | F82: 45337 | G82: 45337 | H82: =I82 -> 45448 | I82: 45448 | J82: 45448 | K82: =J82 -> 45448 | L82: 100 | M82: 0 | N82: =M82*100 -> 0 | P82: % | Q82: =IF(OR(F82="",G82="",L82=""),0,MIN(MAX(IF(F82>$V$1,0,(((G82-F82)-(G82-$V$1))*(10/E82)/10)),0),1)*L82) -> 100 | S82: =D82/$D$10 -> 0 | T82: =IF(OR(L82=0,Q82=0),0,Q82/L82) -> 1 | U82: =IF(OR(L82=0,O82=0),0,O82/L82) -> 0 | V82: =U82-T82 -> -1
A83: =A82+1 -> 221 | B83: Unit 700 - Frame & Auxillary Room | D83: =SUM(D84,D87,D135) -> 552 | E83: =IF(AND(F83<>"",G83<>"",(G83-F83)=0),1,G83-F83+1) -> 73 | F83: 45265 | G83: 45337 | H83: =I83 -> 45265 | I83: 45265 | J83: 45430 | K83: =J83 -> 45430 | M83: 0.02 | S83: =D83/$D$9 -> 0.06185567 | T83: =$S84*T84+$S87*T87+$S135*T135 -> 1 | U83: =$S84*U84+$S87*U87+$S135*U135 -> 0.57282609 | V83: =U83-T83 -> -0.42717391
A84: =A83+1 -> 222 | B84: Piling (Cutting only) | D84: =SUM(D85:D86) -> 9 | E84: =IF(AND(F84<>"",G84<>"",(G84-F84)=0),1,G84-F84+1) -> 9 | F84: 45265 | G84: 45273 | H84: =I84 -> 45265 | I84: 45265 | J84: 45273 | K84: =J84 -> 45273 | M84: 1 | S84: =D84/$D$83 -> 0.016304348 | T84: {=SUMPRODUCT($S85:$S86*T85:T86)} -> 1 | U84: {=SUMPRODUCT($S85:$S86*U85:U86)} -> 1 | V84: =U84-T84 -> 0
A85: =A84+1 -> 223 | B85: Cutting off Pile to GL | D85: =E85 -> 9 | E85: =IF(AND(F85<>"",G85<>"",(G85-F85)=0),1,G85-F85+1) -> 9 | F85: 45265 | G85: 45273 | H85: =I85 -> 45265 | I85: 45265 | J85: 45273 | K85: =J85 -> 45273 | L85: 100 | M85: 1 | N85: =M85*100 -> 100 | O85: 100 | P85: % | Q85: =IF(OR(F85="",G85="",L85=""),0,MIN(MAX(IF(F85>$V$1,0,(((G85-F85)-(G85-$V$1))*(10/E85)/10)),0),1)*L85) -> 100 | S85: =D85/$D$84 -> 1 | T85: =IF(OR(L85=0,Q85=0),0,Q85/L85) -> 1 | U85: =IF(OR(L85=0,O85=0),0,O85/L85) -> 1 | V85: =U85-T85 -> 0
A86: =A85+1 -> 224 | B86: Completion of Piling | D86: 0 | E86: =IF(AND(F86<>"",G86<>"",(G86-F86)=0),1,G86-F86+1) -> 1 | F86: 45273 | G86: 45273 | H86: =I86 -> 45273 | I86: 45273 | J86: 45273 | K86: =J86 -> 45273 | L86: 100 | M86: 1 | N86: =M86*100 -> 100 | O86: 100 | P86: % | Q86: =IF(OR(F86="",G86="",L86=""),0,MIN(MAX(IF(F86>$V$1,0,(((G86-F86)-(G86-$V$1))*(10/E86)/10)),0),1)*L86) -> 100 | S86: =D86/$D$84 -> 0 | T86: =IF(OR(L86=0,Q86=0),0,Q86/L86) -> 1 | U86: =IF(OR(L86=0,O86=0),0,O86/L86) -> 1 | V86: =U86-T86 -> 0
A87: =A86+1 -> 225 | B87: Substructure | D87: =SUM(D88,D104,D120,D134) -> 543 | E87: =IF(AND(F87<>"",G87<>"",(G87-F87)=0),1,G87-F87+1) -> 62 | F87: 45276 | G87: 45337 | H87: =I87 -> 45272 | I87: 45272 | J87: 45430 | K87: =J87 -> 45430 | M87: 0 | S87: =D87/$D$83 -> 0.98369565 | T87: =$S88*T88+$S104*T104+$S120*T120+$S134*T134 -> 1 | U87: =$S88*U88+$S104*U104+$S120*U120+$S134*U134 -> 0.56574586 | V87: =U87-T87 -> -0.43425414
A88: =A87+1 -> 226 | B88: Structure | D88: =SUM(D89,D100,D103) -> 266 | E88: =IF(AND(F88<>"",G88<>"",(G88-F88)=0),1,G88-F88+1) -> 62 | F88: 45276 | G88: 45337 | H88: =I88 -> 45272 | I88: 45272 | J88: 45408 | K88: =J88 -> 45408 | M88: 0 | S88: =D88/$D$87 -> 0.48987109 | T88: =$S89*T89+$S100*T100+$S103*T103 -> 1 | U88: =$S89*U89+$S100*U100+$S103*U103 -> 0.96503759 | V88: =U88-T88 -> -0.034962406
A89: =A88+1 -> 227 | B89: Pile Cap | D89: =SUM(D90:D99) -> 240 | E89: =IF(AND(F89<>"",G89<>"",(G89-F89)=0),1,G89-F89+1) -> 47 | F89: 45276 | G89: 45322 | H89: =I89 -> 45272 | I89: 45272 | J89: 45408 | K89: =J89 -> 45408 | M89: 0 | S89: =D89/$D$88 -> 0.90225564 | T89: {=SUMPRODUCT($S90:$S99*T90:T99)} -> 1 | U89: {=SUMPRODUCT($S90:$S99*U90:U99)} -> 0.96666667 | V89: =U89-T89 -> -0.033333333
A90: =A89+1 -> 228 | B90: Excavation | D90: =E90 -> 27 | E90: =IF(AND(F90<>"",G90<>"",(G90-F90)=0),1,G90-F90+1) -> 27 | F90: 45276 | G90: 45302 | H90: =I90 -> 45272 | I90: 45272 | J90: 45358 | K90: =J90 -> 45358 | L90: 100 | M90: 0 | N90: =M90*100 -> 0 | O90: 100 | P90: % | Q90: =IF(OR(F90="",G90="",L90=""),0,MIN(MAX(IF(F90>$V$1,0,(((G90-F90)-(G90-$V$1))*(10/E90)/10)),0),1)*L90) -> 100 | S90: =D90/$D$89 -> 0.1125 | T90: =IF(OR(L90=0,Q90=0),0,Q90/L90) -> 1 | U90: =IF(OR(L90=0,O90=0),0,O90/L90) -> 1 | V90: =U90-T90 -> 0
A91: =A90+1 -> 229 | B91: Leveling and Compaction | D91: =E91 -> 26 | E91: =IF(AND(F91<>"",G91<>"",(G91-F91)=0),1,G91-F91+1) -> 26 | F91: 45279 | G91: 45304 | H91: =I91 -> 45274 | I91: 45274 | J91: 45359 | K91: =J91 -> 45359 | L91: 100 | M91: 0 | N91: =M91*100 -> 0 | O91: 100 | P91: % | Q91: =IF(OR(F91="",G91="",L91=""),0,MIN(MAX(IF(F91>$V$1,0,(((G91-F91)-(G91-$V$1))*(10/E91)/10)),0),1)*L91) -> 100 | S91: =D91/$D$89 -> 0.10833333 | T91: =IF(OR(L91=0,Q91=0),0,Q91/L91) -> 1 | U91: =IF(OR(L91=0,O91=0),0,O91/L91) -> 1 | V91: =U91-T91 -> 0
A92: =A91+1 -> 230 | B92: Lean Concrete Pouring | D92: =E92 -> 27 | E92: =IF(AND(F92<>"",G92<>"",(G92-F92)=0),1,G92-F92+1) -> 27 | F92: 45280 | G92: 45306 | H92: =I92 -> 45276 | I92: 45276 | J92: 45359 | K92: =J92 -> 45359 | L92: 100 | M92: 0 | N92: =M92*100 -> 0 | O92: 100 | P92: % | Q92: =IF(OR(F92="",G92="",L92=""),0,MIN(MAX(IF(F92>$V$1,0,(((G92-F92)-(G92-$V$1))*(10/E92)/10)),0),1)*L92) -> 100 | S92: =D92/$D$89 -> 0.1125 | T92: =IF(OR(L92=0,Q92=0),0,Q92/L92) -> 1 | U92: =IF(OR(L92=0,O92=0),0,O92/L92) -> 1 | V92: =U92-T92 -> 0
A93: =A92+1 -> 231 | B93: Pile Cutting and Treatment | D93: =E93 -> 27 | E93: =IF(AND(F93<>"",G93<>"",(G93-F93)=0),1,G93-F93+1) -> 27 | F93: 45282 | G93: 45308 | H93: =I93 -> 45280 | I93: 45280 | J93: 45408 | K93: =J93 -> 45408 | L93: 100 | M93: 0 | N93: =M93*100 -> 0 | O93: 95 | P93: % | Q93: =IF(OR(F93="",G93="",L93=""),0,MIN(MAX(IF(F93>$V$1,0,(((G93-F93)-(G93-$V$1))*(10/E93)/10)),0),1)*L93) -> 100 | S93: =D93/$D$89 -> 0.1125 | T93: =IF(OR(L93=0,Q93=0),0,Q93/L93) -> 1 | U93: =IF(OR(L93=0,O93=0),0,O93/L93) -> 0.95 | V93: =U93-T93 -> -0.05
A94: =A93+1 -> 232 | B94: Reinforcement Bar Fixing | D94: =E94 -> 26 | E94: =IF(AND(F94<>"",G94<>"",(G94-F94)=0),1,G94-F94+1) -> 26 | F94: 45286 | G94: 45311 | H94: =I94 -> 45281 | I94: 45281 | J94: 45309 | K94: =J94 -> 45309 | L94: 100 | M94: 0 | N94: =M94*100 -> 0 | O94: 95 | P94: % | Q94: =IF(OR(F94="",G94="",L94=""),0,MIN(MAX(IF(F94>$V$1,0,(((G94-F94)-(G94-$V$1))*(10/E94)/10)),0),1)*L94) -> 100 | S94: =D94/$D$89 -> 0.10833333 | T94: =IF(OR(L94=0,Q94=0),0,Q94/L94) -> 1 | U94: =IF(OR(L94=0,O94=0),0,O94/L94) -> 0.95 | V94: =U94-T94 -> -0.05
A95: =A94+1 -> 233 | B95: Formwork Fixing | D95: =E95 -> 27 | E95: =IF(AND(F95<>"",G95<>"",(G95-F95)=0),1,G95-F95+1) -> 27 | F95: 45289 | G95: 45315 | H95: =I95 -> 45281 | I95: 45281 | J95: 45310 | K95: =J95 -> 45310 | L95: 100 | M95: 0 | N95: =M95*100 -> 0 | O95: 95 | P95: % | Q95: =IF(OR(F95="",G95="",L95=""),0,MIN(MAX(IF(F95>$V$1,0,(((G95-F95)-(G95-$V$1))*(10/E95)/10)),0),1)*L95) -> 100 | S95: =D95/$D$89 -> 0.1125 | T95: =IF(OR(L95=0,Q95=0),0,Q95/L95) -> 1 | U95: =IF(OR(L95=0,O95=0),0,O95/L95) -> 0.95 | V95: =U95-T95 -> -0.05
A96: =A95+1 -> 234 | B96: Concrete Pouring | D96: =E96 -> 26 | E96: =IF(AND(F96<>"",G96<>"",(G96-F96)=0),1,G96-F96+1) -> 26 | F96: 45292 | G96: 45317 | H96: =I96 -> 45293 | I96: 45293 | J96: 45318 | K96: =J96 -> 45318 | L96: 100 | M96: 0 | N96: =M96*100 -> 0 | O96: 95 | P96: % | Q96: =IF(OR(F96="",G96="",L96=""),0,MIN(MAX(IF(F96>$V$1,0,(((G96-F96)-(G96-$V$1))*(10/E96)/10)),0),1)*L96) -> 100 | S96: =D96/$D$89 -> 0.10833333 | T96: =IF(OR(L96=0,Q96=0),0,Q96/L96) -> 1 | U96: =IF(OR(L96=0,O96=0),0,O96/L96) -> 0.95 | V96: =U96-T96 -> -0.05
A97: =A96+1 -> 235 | B97: Formwork Dismantling | D97: =E97 -> 27 | E97: =IF(AND(F97<>"",G97<>"",(G97-F97)=0),1,G97-F97+1) -> 27 | F97: 45295 | G97: 45321 | H97: =I97 -> 45296 | I97: 45296 | J97: 45322 | K97: =J97 -> 45322 | L97: 100 | M97: 0 | N97: =M97*100 -> 0 | O97: 95 | P97: % | Q97: =IF(OR(F97="",G97="",L97=""),0,MIN(MAX(IF(F97>$V$1,0,(((G97-F97)-(G97-$V$1))*(10/E97)/10)),0),1)*L97) -> 100 | S97: =D97/$D$89 -> 0.1125 | T97: =IF(OR(L97=0,Q97=0),0,Q97/L97) -> 1 | U97: =IF(OR(L97=0,O97=0),0,O97/L97) -> 0.95 | V97: =U97-T97 -> -0.05
A98: =A97+1 -> 236 | B98: Backfill with compaction | D98: =E98 -> 27 | E98: =IF(AND(F98<>"",G98<>"",(G98-F98)=0),1,G98-F98+1) -> 27 | F98: 45296 | G98: 45322 | H98: =I98 -> 45297 | I98: 45297 | J98: 45323 | K98: =J98 -> 45323 | L98: 100 | M98: 0 | N98: =M98*100 -> 0 | O98: 95 | P98: % | Q98: =IF(OR(F98="",G98="",L98=""),0,MIN(MAX(IF(F98>$V$1,0,(((G98-F98)-(G98-$V$1))*(10/E98)/10)),0),1)*L98) -> 100 | S98: =D98/$D$89 -> 0.1125 | T98: =IF(OR(L98=0,Q98=0),0,Q98/L98) -> 1 | U98: =IF(OR(L98=0,O98=0),0,O98/L98) -> 0.95 | V98: =U98-T98 -> -0.05
A99: =A98+1 -> 237 | B99: Completion of Pile Cap | D99: 0 | E99: =IF(AND(F99<>"",G99<>"",(G99-F99)=0),1,G99-F99+1) -> 1 | F99: 45322 | G99: 45322 | H99: =I99 -> 45408 | I99: 45408 | J99: 45408 | K99: =J99 -> 45408 | L99: 100 | M99: 0 | N99: =M99*100 -> 0 | P99: % | Q99: =IF(OR(F99="",G99="",L99=""),0,MIN(MAX(IF(F99>$V$1,0,(((G99-F99)-(G99-$V$1))*(10/E99)/10)),0),1)*L99) -> 100 | S99: =D99/$D$89 -> 0 | T99: =IF(OR(L99=0,Q99=0),0,Q99/L99) -> 1 | U99: =IF(OR(L99=0,O99=0),0,O99/L99) -> 0 | V99: =U99-T99 -> -1
A100: =A99+1 -> 238 | B100: Stump | C100: Reinforcement Bar only | D100: =SUM(D101:D102) -> 26 | E100: =IF(AND(F100<>"",G100<>"",(G100-F100)=0),1,G100-F100+1) -> 39 | F100: 45299 | G100: 45337 | H100: =I100 -> 45288 | I100: 45288 | J100: 45314 | K100: =J100 -> 45314 | M100: 0 | S100: =D100/$D$88 -> 0.097744361 | T100: {=SUMPRODUCT($S101:$S102*T101:T102)} -> 1 | U100: {=SUMPRODUCT($S101:$S102*U101:U102)} -> 0.95 | V100: =U100-T100 -> -0.05
A101: =A100+1 -> 239 | B101: Reinforcement Bar Fixing | D101: =E101 -> 26 | E101: =IF(AND(F101<>"",G101<>"",(G101-F101)=0),1,G101-F101+1) -> 26 | F101: 45299 | G101: 45324 | H101: =I101 -> 45288 | I101: 45288 | J101: 45314 | K101: =J101 -> 45314 | L101: 100 | M101: 0 | N101: =M101*100 -> 0 | O101: 95 | P101: % | Q101: =IF(OR(F101="",G101="",L101=""),0,MIN(MAX(IF(F101>$V$1,0,(((G101-F101)-(G101-$V$1))*(10/E101)/10)),0),1)*L101) -> 100 | S101: =D101/$D$100 -> 1 | T101: =IF(OR(L101=0,Q101=0),0,Q101/L101) -> 1 | U101: =IF(OR(L101=0,O101=0),0,O101/L101) -> 0.95 | V101: =U101-T101 -> -0.05
A102: =A101+1 -> 240 | B102: Completion of Stump | D102: 0 | E102: =IF(AND(F102<>"",G102<>"",(G102-F102)=0),1,G102-F102+1) -> 1 | F102: 45337 | G102: 45337 | H102: =I102 -> 45314 | I102: 45314 | J102: 45314 | K102: =J102 -> 45314 | L102: 100 | M102: 0 | N102: =M102*100 -> 0 | P102: % | Q102: =IF(OR(F102="",G102="",L102=""),0,MIN(MAX(IF(F102>$V$1,0,(((G102-F102)-(G102-$V$1))*(10/E102)/10)),0),1)*L102) -> 100 | S102: =D102/$D$100 -> 0 | T102: =IF(OR(L102=0,Q102=0),0,Q102/L102) -> 1 | U102: =IF(OR(L102=0,O102=0),0,O102/L102) -> 0 | V102: =U102-T102 -> -1
...

Sheet S-Curve - Overall
B54: Date | C54: 45219 | D54: =C54+7 -> 45226 | E54: =D54+7 -> 45233 | F54: =E54+7 -> 45240 | G54: =F54+7 -> 45247 | H54: =G54+7 -> 45254 | I54: =H54+7 -> 45261 | J54: =I54+7 -> 45268 | K54: =J54+7 -> 45275 | ... AI54: =AH54+7 -> 45443
B55: Work Week | C55: Week 1 | D55: Week 2 | E55: Week 3 | F55: Week 4 | G55: Week 5 | H55: Week 6 | I55: Week 7 | J55: Week 8 | K55: Week 9 | L55: Week 10 | M55: Week 11 | N55: Week 12 | O55: Week 13 | P55: Week 14 | Q55: Week 15 | R55: Week 16 | S55: Week 17 | T55: Week 18 | U55: Week 19 | V55: Week 20 | W55: Week 21 | X55: Week 22 | Y55: Week 23 | Z55: Week 24 | AA55: Week 25 | AB55: Week 26 | AC55: Week 27 | AD55: Week 28 | AE55: Week 29 | AF55: Week 30 | AG55: Week 31 | AH55: Week 32 | AI55: Week 33
B56: Plan | C56: =C58 -> 0 | D56: =D58-C58 -> 0 | E56: =E58-D58 -> 0 | F56: =F58-E58 -> 0 | G56: =G58-F58 -> 0 | H56: =H58-G58 -> 0 | I56: =I58-H58 -> 0.00017774618 | J56: =J58-I58 -> 0.003021685 | K56: =K58-J58 -> 0.011553502 | ... AI56: =AI58-AH58 -> 0
B57: Actual | C57: 0 | D57: =D59-C59 -> 0 | E57: =E59-D59 -> 0 | F57: =F59-E59 -> 0 | G57: =G59-F59 -> 0 | H57: =H59-G59 -> 0 | I57: =I59-H59 -> 0 | J57: =J59-I59 -> 0.0035 | K57: =K59-J59 -> 0.01 | ... AI57: =AI59-AH59 -> 0
B58: Plan Cum | C58: =HLOOKUP(C54,'Curve Data'!T:BS,8,FALSE) -> 0 | D58: =HLOOKUP(D54,'Curve Data'!U:BT,8,FALSE) -> 0 | E58: =HLOOKUP(E54,'Curve Data'!V:BU,8,FALSE) -> 0 | F58: =HLOOKUP(F54,'Curve Data'!W:BV,8,FALSE) -> 0 | G58: =HLOOKUP(G54,'Curve Data'!X:BW,8,FALSE) -> 0 | H58: =HLOOKUP(H54,'Curve Data'!Y:BX,8,FALSE) -> 0 | I58: =HLOOKUP(I54,'Curve Data'!Z:BY,8,FALSE) -> 0.00017774618 | J58: =HLOOKUP(J54,'Curve Data'!AA:BZ,8,FALSE) -> 0.0031994312 | K58: =HLOOKUP(K54,'Curve Data'!AB:CA,8,FALSE) -> 0.014752933 | L58: =HLOOKUP(L54,'Curve Data'!AC:CB,8,FALSE) -> 0.042836829 | M58: =HLOOKUP(M54,'Curve Data'!AD:CC,8,FALSE) -> 0.10620334 | N58: =HLOOKUP(N54,'Curve Data'!AE:CD,8,FALSE) -> 0.20600782 | O58: =HLOOKUP(O54,'Curve Data'!AF:CE,8,FALSE) -> 0.34091717 | P58: =HLOOKUP(P54,'Curve Data'!AG:CF,8,FALSE) -> 0.49777817 | Q58: =HLOOKUP(Q54,'Curve Data'!AH:CG,8,FALSE) -> 0.6591717 | R58: =HLOOKUP(R54,'Curve Data'!AI:CH,8,FALSE) -> 0.79674724 | S58: =HLOOKUP(S54,'Curve Data'!AJ:CI,8,FALSE) -> 0.89912904 | T58: =HLOOKUP(T54,'Curve Data'!AK:CJ,8,FALSE) -> 0.959385 | U58: =HLOOKUP(U54,'Curve Data'!AL:CK,8,FALSE) -> 0.98853537 | V58: =HLOOKUP(V54,'Curve Data'!AM:CL,8,FALSE) -> 1 | W58: =HLOOKUP(W54,'Curve Data'!AN:CM,8,FALSE) -> 1 | X58: =HLOOKUP(X54,'Curve Data'!AO:CN,8,FALSE) -> 1 | Y58: =HLOOKUP(Y54,'Curve Data'!AP:CO,8,FALSE) -> 1 | Z58: =HLOOKUP(Z54,'Curve Data'!AQ:CP,8,FALSE) -> 1 | AA58: =HLOOKUP(AA54,'Curve Data'!AR:CQ,8,FALSE) -> 1 | AB58: =HLOOKUP(AB54,'Curve Data'!AS:CR,8,FALSE) -> 1 | AC58: =HLOOKUP(AC54,'Curve Data'!AT:CS,8,FALSE) -> 1 | AD58: =HLOOKUP(AD54,'Curve Data'!AU:CT,8,FALSE) -> 1 | AE58: =HLOOKUP(AE54,'Curve Data'!AV:CU,8,FALSE) -> 1 | AF58: =HLOOKUP(AF54,'Curve Data'!AW:CV,8,FALSE) -> 1 | AG58: =HLOOKUP(AG54,'Curve Data'!AX:CW,8,FALSE) -> 1 | AH58: =HLOOKUP(AH54,'Curve Data'!AY:CX,8,FALSE) -> 1 | AI58: =HLOOKUP(AI54,'Curve Data'!AZ:CY,8,FALSE) -> 1
B59: Actual Cum | C59: 0 | D59: 0 | E59: 0 | F59: 0 | G59: 0 | H59: 0 | I59: 0 | J59: 0.0035 | K59: 0.0135 | L59: 0.060740797 | M59: 0.094975893 | N59: 0.12337185 | O59: 0.16871508 | P59: 0.23119056 | Q59: 0.27764144 | R59: 0.34438997 | S59: 0.40114196 | T59: 0.46327749 | U59: 0.53315424 | V59: 0.58452304 | W59: 0.64044788 | X59: 0.68331308 | Y59: 0.74311258 | Z59: 0.78551341 | AA59: 0.81371409 | AB59: 0.83225962 | AC59: 0.84184391 | AD59: 0.85928546 | AE59: 0.87690654 | AF59: 0.9125713
B60: Variance | C60: =C59-C58 -> 0 | D60: =D59-D58 -> 0 | E60: =E59-E58 -> 0 | F60: =F59-F58 -> 0 | G60: =G59-G58 -> 0 | H60: =H59-H58 -> 0 | I60: =I59-I58 -> -0.00017774618 | J60: =J59-J58 -> 0.00030056879 | ... AI60: =AI59-AI58 -> -1

Sheet Resource Loading
C57: 45219 | D57: =C57+7 -> 45226 | E57: =D57+7 -> 45233 | F57: =E57+7 -> 45240 | G57: =F57+7 -> 45247 | H57: =G57+7 -> 45254 | I57: =H57+7 -> 45261 | J57: =I57+7 -> 45268 | K57: =J57+7 -> 45275 | ... AF57: =AE57+7 -> 45422
C58: Week 1 | D58: Week 2 | E58: Week 3 | F58: Week 4 | G58: Week 5 | H58: Week 6 | I58: Week 7 | J58: Week 8 | K58: Week 9 | L58: Week 10 | M58: Week 11 | N58: Week 12 | O58: Week 13 | P58: Week 14 | Q58: Week 15 | R58: Week 16 | S58: Week 17 | T58: Week 18 | U58: Week 19 | V58: Week 20 | W58: Week 21 | X58: Week 22 | Y58: Week 23 | Z58: Week 24 | AA58: Week 25 | AB58: Week 26 | AC58: Week 27 | AD58: Week 28 | AE58: Week 29 | AF58: Week 30
B59: P - Site | C59: 0 | D59: 0 | E59: 0 | F59: 0 | G59: 20 | H59: 79 | I59: 75 | J59: 77 | K59: 117 | L59: 149 | M59: 195 | N59: 195 | O59: 195 | P59: 195 | Q59: 195 | R59: 195 | S59: 195 | T59: 195 | U59: 195 | V59: 65
B60: P - W/S | C60: 0 | D60: 0 | E60: 0 | F60: 0 | G60: 10 | H60: 15 | I60: 30 | J60: 35 | K60: 33 | L60: 61 | M60: 69 | N60: 69 | O60: 69 | P60: 69 | Q60: 69 | R60: 69 | S60: 69 | T60: 69 | U60: 69 | V60: 0
B61: Plan | C61: =SUM(C59:C60) -> 0 | D61: =SUM(D59:D60) -> 0 | E61: =SUM(E59:E60) -> 0 | F61: =SUM(F59:F60) -> 0 | G61: =SUM(G59:G60) -> 30 | H61: =SUM(H59:H60) -> 94 | I61: =SUM(I59:I60) -> 105 | J61: =SUM(J59:J60) -> 112 | ... AF61: =SUM(AF59:AF60) -> 0
B62: A - Site | C62: 0 | D62: 0 | E62: 0 | F62: 0 | G62: 23 | H62: 18 | I62: 45 | J62: 85 | K62: 122 | L62: =122+30 -> 152 | M62: =134+40 -> 174 | N62: 184 | O62: =295-33+30 -> 292 | P62: =252+1+11+30 -> 294 | Q62: =279+1+11+30 -> 321 | R62: 321 | S62: 361 | T62: 361 | U62: 376 | V62: 376 | W62: =295+27 -> 322 | X62: =280+23 -> 303 | Y62: =278+12+22 -> 312 | Z62: 265 | AA62: 265 | AB62: 240 | AC62: 205 | AD62: 205 | AE62: 198 | AF62: 198
B63: A - W/S | C63: 0 | D63: 0 | E63: 0 | F63: 0 | G63: 10 | H63: 15 | I63: 30 | J63: 30 | K63: 33 | L63: 45 | M63: 52 | N63: 52 | O63: 33 | P63: 35 | Q63: 39 | R63: 39 | S63: 39 | T63: 39 | U63: 39 | V63: 39 | W63: 39 | X63: 0 | Y63: 0 | Z63: 0 | AA63: 0 | AB63: 0 | AC63: 0 | AD63: 0 | AE63: 0 | AF63: 0
B64: Actual | C64: =SUM(C62:C63) -> 0 | D64: =SUM(D62:D63) -> 0 | E64: =SUM(E62:E63) -> 0 | F64: =SUM(F62:F63) -> 0 | G64: =SUM(G62:G63) -> 33 | H64: =SUM(H62:H63) -> 33 | I64: =SUM(I62:I63) -> 75 | J64: =SUM(J62:J63) -> 115 | ... AF64: =SUM(AF62:AF63) -> 198
B65: Management | C65: 0 | D65: 0 | E65: 0 | F65: 5 | G65: 8 | H65: 12 | I65: 15 | J65: 18 | K65: 21 | L65: 26 | M65: 26 | N65: 26 | O65: 26 | P65: 26 | Q65: 26 | R65: 26 | S65: 26 | T65: 26 | U65: 26 | V65: 26 | W65: 26 | X65: 26 | Y65: 26 | Z65: 26 | AA65: 24 | AB65: 24 | AC65: 24 | AD65: 24 | AE65: 24 | AF65: 22

Sheet Curve Data
B1: =Overall!B1 -> PROJECT : ECOCERES SUBSTRUCTURE WORKS | N1: Updated On : | O1: 45366 | U1: 45219 | W1: =U1+7 -> 45226 | Y1: =W1+7 -> 45233 | AA1: =Y1+7 -> 45240 | AC1: =AA1+7 -> 45247 | AE1: =AC1+7 -> 45254 | AG1: =AE1+7 -> 45261 | AI1: =AG1+7 -> 45268 | AK1: =AI1+7 -> 45275 | AM1: =AK1+7 -> 45282 | AO1: =AM1+7 -> 45289 | AQ1: =AO1+7 -> 45296 | AS1: =AQ1+7 -> 45303 | AU1: =AS1+7 -> 45310 | AW1: =AU1+7 -> 45317 | AY1: =AW1+7 -> 45324 | BA1: =AY1+7 -> 45331 | BC1: =BA1+7 -> 45338 | BE1: =BC1+7 -> 45345 | BG1: =BE1+7 -> 45352 | BI1: =BG1+7 -> 45359 | BK1: =BI1+7 -> 45366 | BM1: =BK1+7 -> 45373 | BO1: =BM1+7 -> 45380 | BQ1: =BO1+7 -> 45387 | BS1: =BQ1+7 -> 45394 | BU1: =BS1+7 -> 45401 | BW1: =BU1+7 -> 45408 | BY1: =BW1+7 -> 45415 | CA1: =BY1+7 -> 45422 | CC1: =CA1+7 -> 45429 | CE1: =CC1+7 -> 45436 | CG1: =CE1+7 -> 45443 | CI1: =CG1+7 -> 45450 | CK1: =CI1+7 -> 45457 | CM1: =CK1+7 -> 45464
B2: WEEKLY SCHEDULE & PROGRESS UPDATE
B4: CONTRACTOR | C4: PACKAGE NO | F4: Plan Start | G4: Plan Finish
B5: DYNACIATE | C5: ECOCERES SUBSTRUCTURE PACKAGE | F5: =F8 -> 45259 | G5: =G8 -> 45350
B7: Activity ID | C7: Activity Description | D7: Sub sum | E7: Plan Duration | F7: Baseline Start | G7: Baseline Finish | H7: Total Quantity | I7: Installed Quantity | J7: Unit | K7: Plan Units | L7: Weightage | M7: Plan Prog % | N7: Actual Prog % | O7: Delta | P7: Remark | T7: Plan Units | U7: Plan Prog % | V7: Plan Units | W7: Plan Prog % | X7: Plan Units | Y7: Plan Prog % | Z7: Plan Units | AA7: Plan Prog % | AB7: Plan Units | AC7: Plan Prog % | AD7: Plan Units | AE7: Plan Prog % | AF7: Plan Units | AG7: Plan Prog % | AH7: Plan Units | AI7: Plan Prog % | AJ7: Plan Units | AK7: Plan Prog % | AL7: Plan Units | AM7: Plan Prog % | AN7: Plan Units | AO7: Plan Prog % | AP7: Plan Units | AQ7: Plan Prog % | AR7: Plan Units | AS7: Plan Prog % | AT7: Plan Units | AU7: Plan Prog % | AV7: Plan Units | AW7: Plan Prog % | AX7: Plan Units | AY7: Plan Prog % | AZ7: Plan Units | BA7: Plan Prog % | BB7: Plan Units | BC7: Plan Prog % | BD7: Plan Units | BE7: Plan Prog % | BF7: Plan Units | BG7: Plan Prog % | BH7: Plan Units | BI7: Plan Prog % | BJ7: Plan Units | BK7: Plan Prog % | BL7: Plan Units | BM7: Plan Prog % | BN7: Plan Units | BO7: Plan Prog % | BP7: Plan Units | BQ7: Plan Prog % | BR7: Plan Units | BS7: Plan Prog % | BT7: Plan Units | BU7: Plan Prog % | BV7: Plan Units | BW7: Plan Prog % | BX7: Plan Units | BY7: Plan Prog % | BZ7: Plan Units | CA7: Plan Prog % | CB7: Plan Units | CC7: Plan Prog % | CD7: Plan Units | CE7: Plan Prog % | CF7: Plan Units | CG7: Plan Prog % | CH7: Plan Units | CI7: Plan Prog % | CJ7: Plan Units | CK7: Plan Prog % | CL7: Plan Units | CM7: Plan Prog %
A8: 0.1 | B8: PELICAN S01B SITE ESTABLISHMENT | D8: 11252 | E8: 92 | F8: =MIN(F9:F1037) -> 45259 | G8: =MAX(G9:G1037) -> 45350 | L8: =SUM(L9,L592,L1036) -> 1 | M8: =$L9*M9+$L592*M592+$L1036*M1036 -> 1 | N8: =$L9*N9+$L592*N592+$L1036*N1036 -> 1 | O8: =N8-M8 -> 0 | U8: =$L9*U9+$L592*U592+$L1036*U1036 -> 0 | W8: =$L9*W9+$L592*W592+$L1036*W1036 -> 0 | Y8: =$L9*Y9+$L592*Y592+$L1036*Y1036 -> 0 | AA8: =$L9*AA9+$L592*AA592+$L1036*AA1036 -> 0 | AC8: =$L9*AC9+$L592*AC592+$L1036*AC1036 -> 0 | AE8: =$L9*AE9+$L592*AE592+$L1036*AE1036 -> 0 | AG8: =$L9*AG9+$L592*AG592+$L1036*AG1036 -> 0.00017774618 | AI8: =$L9*AI9+$L592*AI592+$L1036*AI1036 -> 0.0031994312 | AK8: =$L9*AK9+$L592*AK592+$L1036*AK1036 -> 0.014752933 | AM8: =$L9*AM9+$L592*AM592+$L1036*AM1036 -> 0.042836829 | AO8: =$L9*AO9+$L592*AO592+$L1036*AO1036 -> 0.10620334 | AQ8: =$L9*AQ9+$L592*AQ592+$L1036*AQ1036 -> 0.20600782 | AS8: =$L9*AS9+$L592*AS592+$L1036*AS1036 -> 0.34091717 | AU8: =$L9*AU9+$L592*AU592+$L1036*AU1036 -> 0.49777817 | AW8: =$L9*AW9+$L592*AW592+$L1036*AW1036 -> 0.6591717 | AY8: =$L9*AY9+$L592*AY592+$L1036*AY1036 -> 0.79674724 | BA8: =$L9*BA9+$L592*BA592+$L1036*BA1036 -> 0.89912904 | BC8: =$L9*BC9+$L592*BC592+$L1036*BC1036 -> 0.959385 | BE8: =$L9*BE9+$L592*BE592+$L1036*BE1036 -> 0.98853537 | BG8: =$L9*BG9+$L592*BG592+$L1036*BG1036 -> 1 | BI8: =$L9*BI9+$L592*BI592+$L1036*BI1036 -> 1 | BK8: =$L9*BK9+$L592*BK592+$L1036*BK1036 -> 1 | BM8: =$L9*BM9+$L592*BM592+$L1036*BM1036 -> 1 | BO8: =$L9*BO9+$L592*BO592+$L1036*BO1036 -> 1 | BQ8: =$L9*BQ9+$L592*BQ592+$L1036*BQ1036 -> 1 | BS8: =$L9*BS9+$L592*BS592+$L1036*BS1036 -> 1 | BU8: =$L9*BU9+$L592*BU592+$L1036*BU1036 -> 1 | BW8: =$L9*BW9+$L592*BW592+$L1036*BW1036 -> 1 | BY8: =$L9*BY9+$L592*BY592+$L1036*BY1036 -> 1 | CA8: =$L9*CA9+$L592*CA592+$L1036*CA1036 -> 1 | CC8: =$L9*CC9+$L592*CC592+$L1036*CC1036 -> 1 | CE8: =$L9*CE9+$L592*CE592+$L1036*CE1036 -> 1 | CG8: =$L9*CG9+$L592*CG592+$L1036*CG1036 -> 1 | CI8: =$L9*CI9+$L592*CI592+$L1036*CI1036 -> 1 | CK8: =$L9*CK9+$L592*CK592+$L1036*CK1036 -> 1 | CM8: =$L9*CM9+$L592*CM592+$L1036*CM1036 -> 1
A9: =Overall!A9 -> 147 | B9: UNIT 700, 800 and 900 (SUBSTRUCTURE) | D9: 8781 | E9: 92 | F9: 45259 | G9: 45350 | L9: =D9/$D$8 -> 0.7803946 | M9: =$L10*M10+$L83*M83+$L136*M136+$L211*M211+$L263*M263+$L315*M315+$L383*M383+$L435*M435+$L487*M487+$L539*M539+$L591*M591 -> 1 | N9: =$L10*N10+$L83*N83+$L136*N136+$L211*N211+$L263*N263+$L315*N315+$L383*N383+$L435*N435+$L487*N487+$L539*N539+$L591*N591 -> 1 | O9: =N9-M9 -> 0 | U9: =$L10*U10+$L83*U83+$L136*U136+$L211*U211+$L263*U263+$L315*U315+$L383*U383+$L435*U435+$L487*U487+$L539*U539+$L591*U591 -> 0 | W9: =$L10*W10+$L83*W83+$L136*W136+$L211*W211+$L263*W263+$L315*W315+$L383*W383+$L435*W435+$L487*W487+$L539*W539+$L591*W591 -> 0 | Y9: =$L10*Y10+$L83*Y83+$L136*Y136+$L211*Y211+$L263*Y263+$L315*Y315+$L383*Y383+$L435*Y435+$L487*Y487+$L539*Y539+$L591*Y591 -> 0 | AA9: =$L10*AA10+$L83*AA83+$L136*AA136+$L211*AA211+$L263*AA263+$L315*AA315+$L383*AA383+$L435*AA435+$L487*AA487+$L539*AA539+$L591*AA591 -> 0 | AC9: =$L10*AC10+$L83*AC83+$L136*AC136+$L211*AC211+$L263*AC263+$L315*AC315+$L383*AC383+$L435*AC435+$L487*AC487+$L539*AC539+$L591*AC591 -> 0 | AE9: =$L10*AE10+$L83*AE83+$L136*AE136+$L211*AE211+$L263*AE263+$L315*AE315+$L383*AE383+$L435*AE435+$L487*AE487+$L539*AE539+$L591*AE591 -> 0 | AG9: =$L10*AG10+$L83*AG83+$L136*AG136+$L211*AG211+$L263*AG263+$L315*AG315+$L383*AG383+$L435*AG435+$L487*AG487+$L539*AG539+$L591*AG591 -> 0.00022776449 | AI9: =$L10*AI10+$L83*AI83+$L136*AI136+$L211*AI211+$L263*AI263+$L315*AI315+$L383*AI383+$L435*AI435+$L487*AI487+$L539*AI539+$L591*AI591 -> 0.0040997608 | AK9: =$L10*AK10+$L83*AK83+$L136*AK136+$L211*AK211+$L263*AK263+$L315*AK315+$L383*AK383+$L435*AK435+$L487*AK487+$L539*AK539+$L591*AK591 -> 0.017993395 | AM9: =$L10*AM10+$L83*AM83+$L136*AM136+$L211*AM211+$L263*AM263+$L315*AM315+$L383*AM383+$L435*AM435+$L487*AM487+$L539*AM539+$L591*AM591 -> 0.050335953 | AO9: =$L10*AO10+$L83*AO83+$L136*AO136+$L211*AO211+$L263*AO263+$L315*AO315+$L383*AO383+$L435*AO435+$L487*AO487+$L539*AO539+$L591*AO591 -> 0.12048742 | AQ9: =$L10*AQ10+$L83*AQ83+$L136*AQ136+$L211*AQ211+$L263*AQ263+$L315*AQ315+$L383*AQ383+$L435*AQ435+$L487*AQ487+$L539*AQ539+$L591*AQ591 -> 0.22822002 | AS9: =$L10*AS10+$L83*AS83+$L136*AS136+$L211*AS211+$L263*AS263+$L315*AS315+$L383*AS383+$L435*AS435+$L487*AS487+$L539*AS539+$L591*AS591 -> 0.36670083 | AU9: =$L10*AU10+$L83*AU83+$L136*AU136+$L211*AU211+$L263*AU263+$L315*AU315+$L383*AU383+$L435*AU435+$L487*AU487+$L539*AU539+$L591*AU591 -> 0.5234028 | AW9: =$L10*AW10+$L83*AW83+$L136*AW136+$L211*AW211+$L263*AW263+$L315*AW315+$L383*AW383+$L435*AW435+$L487*AW487+$L539*AW539+$L591*AW591 -> 0.67623278 | AY9: =$L10*AY10+$L83*AY83+$L136*AY136+$L211*AY211+$L263*AY263+$L315*AY315+$L383*AY383+$L435*AY435+$L487*AY487+$L539*AY539+$L591*AY591 -> 0.80742512 | BA9: =$L10*BA10+$L83*BA83+$L136*BA136+$L211*BA211+$L263*BA263+$L315*BA315+$L383*BA383+$L435*BA435+$L487*BA487+$L539*BA539+$L591*BA591 -> 0.90411115 | BC9: =$L10*BC10+$L83*BC83+$L136*BC136+$L211*BC211+$L263*BC263+$L315*BC315+$L383*BC383+$L435*BC435+$L487*BC487+$L539*BC539+$L591*BC591 -> 0.96105227 | BE9: =$L10*BE10+$L83*BE83+$L136*BE136+$L211*BE211+$L263*BE263+$L315*BE315+$L383*BE383+$L435*BE435+$L487*BE487+$L539*BE539+$L591*BE591 -> 0.9890673 | BG9: =$L10*BG10+$L83*BG83+$L136*BG136+$L211*BG211+$L263*BG263+$L315*BG315+$L383*BG383+$L435*BG435+$L487*BG487+$L539*BG539+$L591*BG591 -> 1 | BI9: =$L10*BI10+$L83*BI83+$L136*BI136+$L211*BI211+$L263*BI263+$L315*BI315+$L383*BI383+$L435*BI435+$L487*BI487+$L539*BI539+$L591*BI591 -> 1 | BK9: =$L10*BK10+$L83*BK83+$L136*BK136+$L211*BK211+$L263*BK263+$L315*BK315+$L383*BK383+$L435*BK435+$L487*BK487+$L539*BK539+$L591*BK591 -> 1 | BM9: =$L10*BM10+$L83*BM83+$L136*BM136+$L211*BM211+$L263*BM263+$L315*BM315+$L383*BM383+$L435*BM435+$L487*BM487+$L539*BM539+$L591*BM591 -> 1 | BO9: =$L10*BO10+$L83*BO83+$L136*BO136+$L211*BO211+$L263*BO263+$L315*BO315+$L383*BO383+$L435*BO435+$L487*BO487+$L539*BO539+$L591*BO591 -> 1 | BQ9: =$L10*BQ10+$L83*BQ83+$L136*BQ136+$L211*BQ211+$L263*BQ263+$L315*BQ315+$L383*BQ383+$L435*BQ435+$L487*BQ487+$L539*BQ539+$L591*BQ591 -> 1 | BS9: =$L10*BS10+$L83*BS83+$L136*BS136+$L211*BS211+$L263*BS263+$L315*BS315+$L383*BS383+$L435*BS435+$L487*BS487+$L539*BS539+$L591*BS591 -> 1 | BU9: =$L10*BU10+$L83*BU83+$L136*BU136+$L211*BU211+$L263*BU263+$L315*BU315+$L383*BU383+$L435*BU435+$L487*BU487+$L539*BU539+$L591*BU591 -> 1 | BW9: =$L10*BW10+$L83*BW83+$L136*BW136+$L211*BW211+$L263*BW263+$L315*BW315+$L383*BW383+$L435*BW435+$L487*BW487+$L539*BW539+$L591*BW591 -> 1 | BY9: =$L10*BY10+$L83*BY83+$L136*BY136+$L211*BY211+$L263*BY263+$L315*BY315+$L383*BY383+$L435*BY435+$L487*BY487+$L539*BY539+$L591*BY591 -> 1 | CA9: =$L10*CA10+$L83*CA83+$L136*CA136+$L211*CA211+$L263*CA263+$L315*CA315+$L383*CA383+$L435*CA435+$L487*CA487+$L539*CA539+$L591*CA591 -> 1 | CC9: =$L10*CC10+$L83*CC83+$L136*CC136+$L211*CC211+$L263*CC263+$L315*CC315+$L383*CC383+$L435*CC435+$L487*CC487+$L539*CC539+$L591*CC591 -> 1 | CE9: =$L10*CE10+$L83*CE83+$L136*CE136+$L211*CE211+$L263*CE263+$L315*CE315+$L383*CE383+$L435*CE435+$L487*CE487+$L539*CE539+$L591*CE591 -> 1 | CG9: =$L10*CG10+$L83*CG83+$L136*CG136+$L211*CG211+$L263*CG263+$L315*CG315+$L383*CG383+$L435*CG435+$L487*CG487+$L539*CG539+$L591*CG591 -> 1 | CI9: =$L10*CI10+$L83*CI83+$L136*CI136+$L211*CI211+$L263*CI263+$L315*CI315+$L383*CI383+$L435*CI435+$L487*CI487+$L539*CI539+$L591*CI591 -> 1 | CK9: =$L10*CK10+$L83*CK83+$L136*CK136+$L211*CK211+$L263*CK263+$L315*CK315+$L383*CK383+$L435*CK435+$L487*CK487+$L539*CK539+$L591*CK591 -> 1 | CM9: =$L10*CM10+$L83*CM83+$L136*CM136+$L211*CM211+$L263*CM263+$L315*CM315+$L383*CM383+$L435*CM435+$L487*CM487+$L539*CM539+$L591*CM591 -> 1
A10: =A9+1 -> 148 | B10: Unit 700 - Auxillary & Tank Yard | D10: 819 | E10: 73 | F10: 45265 | G10: 45337 | L10: =D10/$D$9 -> 0.093269559 | M10: =$L11*M11+$L14*M14+$L82*M82 -> 1 | N10: =$L11*N11+$L14*N14+$L82*N82 -> 1 | O10: =N10-M10 -> 0 | U10: =$L11*U11+$L14*U14+$L82*U82 -> 0 | W10: =$L11*W11+$L14*W14+$L82*W82 -> 0 | Y10: =$L11*Y11+$L14*Y14+$L82*Y82 -> 0 | AA10: =$L11*AA11+$L14*AA14+$L82*AA82 -> 0 | AC10: =$L11*AC11+$L14*AC14+$L82*AC82 -> 0 | AE10: =$L11*AE11+$L14*AE14+$L82*AE82 -> 0 | AG10: =$L11*AG11+$L14*AG14+$L82*AG82 -> 0 | AI10: =$L11*AI11+$L14*AI14+$L82*AI82 -> 0.0036630037 | AK10: =$L11*AK11+$L14*AK14+$L82*AK82 -> 0.0085470085 | AM10: =$L11*AM11+$L14*AM14+$L82*AM82 -> 0.024420024 | AO10: =$L11*AO11+$L14*AO14+$L82*AO82 -> 0.09035409 | AQ10: =$L11*AQ11+$L14*AQ14+$L82*AQ82 -> 0.1953602 | AS10: =$L11*AS11+$L14*AS14+$L82*AS82 -> 0.35164835 | AU10: =$L11*AU11+$L14*AU14+$L82*AU82 -> 0.53113553 | AW10: =$L11*AW11+$L14*AW14+$L82*AW82 -> 0.72771673 | AY10: =$L11*AY11+$L14*AY14+$L82*AY82 -> 0.87423687 | BA10: =$L11*BA11+$L14*BA14+$L82*BA82 -> 0.96336996 | BC10: =$L11*BC11+$L14*BC14+$L82*BC82 -> 1 | BE10: =$L11*BE11+$L14*BE14+$L82*BE82 -> 1 | BG10: =$L11*BG11+$L14*BG14+$L82*BG82 -> 1 | BI10: =$L11*BI11+$L14*BI14+$L82*BI82 -> 1 | BK10: =$L11*BK11+$L14*BK14+$L82*BK82 -> 1 | BM10: =$L11*BM11+$L14*BM14+$L82*BM82 -> 1 | BO10: =$L11*BO11+$L14*BO14+$L82*BO82 -> 1 | BQ10: =$L11*BQ11+$L14*BQ14+$L82*BQ82 -> 1 | BS10: =$L11*BS11+$L14*BS14+$L82*BS82 -> 1 | BU10: =$L11*BU11+$L14*BU14+$L82*BU82 -> 1 | BW10: =$L11*BW11+$L14*BW14+$L82*BW82 -> 1 | BY10: =$L11*BY11+$L14*BY14+$L82*BY82 -> 1 | CA10: =$L11*CA11+$L14*CA14+$L82*CA82 -> 1 | CC10: =$L11*CC11+$L14*CC14+$L82*CC82 -> 1 | CE10: =$L11*CE11+$L14*CE14+$L82*CE82 -> 1 | CG10: =$L11*CG11+$L14*CG14+$L82*CG82 -> 1 | CI10: =$L11*CI11+$L14*CI14+$L82*CI82 -> 1 | CK10: =$L11*CK11+$L14*CK14+$L82*CK82 -> 1 | CM10: =$L11*CM11+$L14*CM14+$L82*CM82 -> 1
A11: =A10+1 -> 149 | B11: Piling (Cutting only) | D11: 7 | E11: 7 | F11: 45265 | G11: 45271 | L11: =D11/$D$10 -> 0.0085470085 | M11: {=SUMPRODUCT($L12:$L13*M12:M13)} -> 1 | N11: {=SUMPRODUCT($L12:$L13*N12:N13)} -> 1 | O11: =N11-M11 -> 0 | U11: {=SUMPRODUCT($L12:$L13*U12:U13)} -> 0 | W11: {=SUMPRODUCT($L12:$L13*W12:W13)} -> 0 | Y11: {=SUMPRODUCT($L12:$L13*Y12:Y13)} -> 0 | AA11: {=SUMPRODUCT($L12:$L13*AA12:AA13)} -> 0 | AC11: {=SUMPRODUCT($L12:$L13*AC12:AC13)} -> 0 | AE11: {=SUMPRODUCT($L12:$L13*AE12:AE13)} -> 0 | AG11: {=SUMPRODUCT($L12:$L13*AG12:AG13)} -> 0 | AI11: {=SUMPRODUCT($L12:$L13*AI12:AI13)} -> 0.42857143 | AK11: {=SUMPRODUCT($L12:$L13*AK12:AK13)} -> 1 | AM11: {=SUMPRODUCT($L12:$L13*AM12:AM13)} -> 1 | AO11: {=SUMPRODUCT($L12:$L13*AO12:AO13)} -> 1 | AQ11: {=SUMPRODUCT($L12:$L13*AQ12:AQ13)} -> 1 | AS11: {=SUMPRODUCT($L12:$L13*AS12:AS13)} -> 1 | AU11: {=SUMPRODUCT($L12:$L13*AU12:AU13)} -> 1 | AW11: {=SUMPRODUCT($L12:$L13*AW12:AW13)} -> 1 | AY11: {=SUMPRODUCT($L12:$L13*AY12:AY13)} -> 1 | BA11: {=SUMPRODUCT($L12:$L13*BA12:BA13)} -> 1 | BC11: {=SUMPRODUCT($L12:$L13*BC12:BC13)} -> 1 | BE11: {=SUMPRODUCT($L12:$L13*BE12:BE13)} -> 1 | BG11: {=SUMPRODUCT($L12:$L13*BG12:BG13)} -> 1 | BI11: {=SUMPRODUCT($L12:$L13*BI12:BI13)} -> 1 | BK11: {=SUMPRODUCT($L12:$L13*BK12:BK13)} -> 1 | BM11: {=SUMPRODUCT($L12:$L13*BM12:BM13)} -> 1 | BO11: {=SUMPRODUCT($L12:$L13*BO12:BO13)} -> 1 | BQ11: {=SUMPRODUCT($L12:$L13*BQ12:BQ13)} -> 1 | BS11: {=SUMPRODUCT($L12:$L13*BS12:BS13)} -> 1 | BU11: {=SUMPRODUCT($L12:$L13*BU12:BU13)} -> 1 | BW11: {=SUMPRODUCT($L12:$L13*BW12:BW13)} -> 1 | BY11: {=SUMPRODUCT($L12:$L13*BY12:BY13)} -> 1 | CA11: {=SUMPRODUCT($L12:$L13*CA12:CA13)} -> 1 | CC11: {=SUMPRODUCT($L12:$L13*CC12:CC13)} -> 1 | CE11: {=SUMPRODUCT($L12:$L13*CE12:CE13)} -> 1 | CG11: {=SUMPRODUCT($L12:$L13*CG12:CG13)} -> 1 | CI11: {=SUMPRODUCT($L12:$L13*CI12:CI13)} -> 1 | CK11: {=SUMPRODUCT($L12:$L13*CK12:CK13)} -> 1 | CM11: {=SUMPRODUCT($L12:$L13*CM12:CM13)} -> 1
A12: =A11+1 -> 150 | B12: Cutting off Pile to GL | D12: 7 | E12: 7 | F12: 45265 | G12: 45271 | H12: 100 | I12: 100 | J12: % | K12: =IF(OR(F12="",G12="",H12=""),0,MIN(MAX(IF(F12>$O$1,0,(((G12-F12)-(G12-$O$1))*(10/E12)/10)),0),1)*H12) -> 100 | L12: =D12/$D$11 -> 1 | M12: =IF(OR(H12=0,K12=0),0,K12/H12) -> 1 | N12: =IF(OR(H12=0,I12=0),0,I12/H12) -> 1 | O12: =N12-M12 -> 0 | T12: =IF(OR($F12="",$G12="",$H12=""),0,MIN(MAX(IF($F12>U$1,0,((($G12-$F12)-($G12-U$1))*(10/$E12)/10)),0),1)*$H12) -> 0 | U12: =IF(OR($H12=0,T12=0),0,T12/$H12) -> 0 | V12: =IF(OR($F12="",$G12="",$H12=""),0,MIN(MAX(IF($F12>W$1,0,((($G12-$F12)-($G12-W$1))*(10/$E12)/10)),0),1)*$H12) -> 0 | W12: =IF(OR($H12=0,V12=0),0,V12/$H12) -> 0 | X12: =IF(OR($F12="",$G12="",$H12=""),0,MIN(MAX(IF($F12>Y$1,0,((($G12-$F12)-($G12-Y$1))*(10/$E12)/10)),0),1)*$H12) -> 0 | Y12: =IF(OR($H12=0,X12=0),0,X12/$H12) -> 0 | Z12: =IF(OR($F12="",$G12="",$H12=""),0,MIN(MAX(IF($F12>AA$1,0,((($G12-$F12)-($G12-AA$1))*(10/$E12)/10)),0),1)*$H12) -> 0 | AA12: =IF(OR($H12=0,Z12=0),0,Z12/$H12) -> 0 | AB12: =IF(OR($F12="",$G12="",$H12=""),0,MIN(MAX(IF($F12>AC$1,0,((($G12-$F12)-($G12-AC$1))*(10/$E12)/10)),0),1)*$H12) -> 0 | AC12: =IF(OR($H12=0,AB12=0),0,AB12/$H12) -> 0 | AD12: =IF(OR($F12="",$G12="",$H12=""),0,MIN(MAX(IF($F12>AE$1,0,((($G12-$F12)-($G12-AE$1))*(10/$E12)/10)),0),1)*$H12) -> 0 | AE12: =IF(OR($H12=0,AD12=0),0,AD12/$H12) -> 0 | AF12: =IF(OR($F12="",$G12="",$H12=""),0,MIN(MAX(IF($F12>AG$1,0,((($G12-$F12)-($G12-AG$1))*(10/$E12)/10)),0),1)*$H12) -> 0 | AG12: =IF(OR($H12=0,AF12=0),0,AF12/$H12) -> 0 | AH12: =IF(OR($F12="",$G12="",$H12=""),0,MIN(MAX(IF($F12>AI$1,0,((($G12-$F12)-($G12-AI$1))*(10/$E12)/10)),0),1)*$H12) -> 42.857143 | AI12: =IF(OR($H12=0,AH12=0),0,AH12/$H12) -> 0.42857143 | AJ12: =IF(OR($F12="",$G12="",$H12=""),0,MIN(MAX(IF($F12>AK$1,0,((($G12-$F12)-($G12-AK$1))*(10/$E12)/10)),0),1)*$H12) -> 100 | AK12: =IF(OR($H12=0,AJ12=0),0,AJ12/$H12) -> 1 | AL12: =IF(OR($F12="",$G12="",$H12=""),0,MIN(MAX(IF($F12>AM$1,0,((($G12-$F12)-($G12-AM$1))*(10/$E12)/10)),0),1)*$H12) -> 100 | AM12: =IF(OR($H12=0,AL12=0),0,AL12/$H12) -> 1 | AN12: =IF(OR($F12="",$G12="",$H12=""),0,MIN(MAX(IF($F12>AO$1,0,((($G12-$F12)-($G12-AO$1))*(10/$E12)/10)),0),1)*$H12) -> 100 | AO12: =IF(OR($H12=0,AN12=0),0,AN12/$H12) -> 1 | AP12: =IF(OR($F12="",$G12="",$H12=""),0,MIN(MAX(IF($F12>AQ$1,0,((($G12-$F12)-($G12-AQ$1))*(10/$E12)/10)),0),1)*$H12) -> 100 | AQ12: =IF(OR($H12=0,AP12=0),0,AP12/$H12) -> 1 | AR12: =IF(OR($F12="",$G12="",$H12=""),0,MIN(MAX(IF($F12>AS$1,0,((($G12-$F12)-($G12-AS$1))*(10/$E12)/10)),0),1)*$H12) -> 100 | AS12: =IF(OR($H12=0,AR12=0),0,AR12/$H12) -> 1 | AT12: =IF(OR($F12="",$G12="",$H12=""),0,MIN(MAX(IF($F12>AU$1,0,((($G12-$F12)-($G12-AU$1))*(10/$E12)/10)),0),1)*$H12) -> 100 | AU12: =IF(OR($H12=0,AT12=0),0,AT12/$H12) -> 1 | AV12: =IF(OR($F12="",$G12="",$H12=""),0,MIN(MAX(IF($F12>AW$1,0,((($G12-$F12)-($G12-AW$1))*(10/$E12)/10)),0),1)*$H12) -> 100 | AW12: =IF(OR($H12=0,AV12=0),0,AV12/$H12) -> 1 | AX12: =IF(OR($F12="",$G12="",$H12=""),0,MIN(MAX(IF($F12>AY$1,0,((($G12-$F12)-($G12-AY$1))*(10/$E12)/10)),0),1)*$H12) -> 100 | AY12: =IF(OR($H12=0,AX12=0),0,AX12/$H12) -> 1 | AZ12: =IF(OR($F12="",$G12="",$H12=""),0,MIN(MAX(IF($F12>BA$1,0,((($G12-$F12)-($G12-BA$1))*(10/$E12)/10)),0),1)*$H12) -> 100 | BA12: =IF(OR($H12=0,AZ12=0),0,AZ12/$H12) -> 1 | BB12: =IF(OR($F12="",$G12="",$H12=""),0,MIN(MAX(IF($F12>BC$1,0,((($G12-$F12)-($G12-BC$1))*(10/$E12)/10)),0),1)*$H12) -> 100 | BC12: =IF(OR($H12=0,BB12=0),0,BB12/$H12) -> 1 | BD12: =IF(OR($F12="",$G12="",$H12=""),0,MIN(MAX(IF($F12>BE$1,0,((($G12-$F12)-($G12-BE$1))*(10/$E12)/10)),0),1)*$H12) -> 100 | BE12: =IF(OR($H12=0,BD12=0),0,BD12/$H12) -> 1 | BF12: =IF(OR($F12="",$G12="",$H12=""),0,MIN(MAX(IF($F12>BG$1,0,((($G12-$F12)-($G12-BG$1))*(10/$E12)/10)),0),1)*$H12) -> 100 | BG12: =IF(OR($H12=0,BF12=0),0,BF12/$H12) -> 1 | BH12: =IF(OR($F12="",$G12="",$H12=""),0,MIN(MAX(IF($F12>BI$1,0,((($G12-$F12)-($G12-BI$1))*(10/$E12)/10)),0),1)*$H12) -> 100 | BI12: =IF(OR($H12=0,BH12=0),0,BH12/$H12) -> 1 | BJ12: =IF(OR($F12="",$G12="",$H12=""),0,MIN(MAX(IF($F12>BK$1,0,((($G12-$F12)-($G12-BK$1))*(10/$E12)/10)),0),1)*$H12) -> 100 | BK12: =IF(OR($H12=0,BJ12=0),0,BJ12/$H12) -> 1 | BL12: =IF(OR($F12="",$G12="",$H12=""),0,MIN(MAX(IF($F12>BM$1,0,((($G12-$F12)-($G12-BM$1))*(10/$E12)/10)),0),1)*$H12) -> 100 | BM12: =IF(OR($H12=0,BL12=0),0,BL12/$H12) -> 1 | BN12: =IF(OR($F12="",$G12="",$H12=""),0,MIN(MAX(IF($F12>BO$1,0,((($G12-$F12)-($G12-BO$1))*(10/$E12)/10)),0),1)*$H12) -> 100 | BO12: =IF(OR($H12=0,BN12=0),0,BN12/$H12) -> 1 | BP12: =IF(OR($F12="",$G12="",$H12=""),0,MIN(MAX(IF($F12>BQ$1,0,((($G12-$F12)-($G12-BQ$1))*(10/$E12)/10)),0),1)*$H12) -> 100 | BQ12: =IF(OR($H12=0,BP12=0),0,BP12/$H12) -> 1 | BR12: =IF(OR($F12="",$G12="",$H12=""),0,MIN(MAX(IF($F12>BS$1,0,((($G12-$F12)-($G12-BS$1))*(10/$E12)/10)),0),1)*$H12) -> 100 | BS12: =IF(OR($H12=0,BR12=0),0,BR12/$H12) -> 1 | BT12: =IF(OR($F12="",$G12="",$H12=""),0,MIN(MAX(IF($F12>BU$1,0,((($G12-$F12)-($G12-BU$1))*(10/$E12)/10)),0),1)*$H12) -> 100 | BU12: =IF(OR($H12=0,BT12=0),0,BT12/$H12) -> 1 | BV12: =IF(OR($F12="",$G12="",$H12=""),0,MIN(MAX(IF($F12>BW$1,0,((($G12-$F12)-($G12-BW$1))*(10/$E12)/10)),0),1)*$H12) -> 100 | BW12: =IF(OR($H12=0,BV12=0),0,BV12/$H12) -> 1 | BX12: =IF(OR($F12="",$G12="",$H12=""),0,MIN(MAX(IF($F12>BY$1,0,((($G12-$F12)-($G12-BY$1))*(10/$E12)/10)),0),1)*$H12) -> 100 | BY12: =IF(OR($H12=0,BX12=0),0,BX12/$H12) -> 1 | BZ12: =IF(OR($F12="",$G12="",$H12=""),0,MIN(MAX(IF($F12>CA$1,0,((($G12-$F12)-($G12-CA$1))*(10/$E12)/10)),0),1)*$H12) -> 100 | CA12: =IF(OR($H12=0,BZ12=0),0,BZ12/$H12) -> 1 | CB12: =IF(OR($F12="",$G12="",$H12=""),0,MIN(MAX(IF($F12>CC$1,0,((($G12-$F12)-($G12-CC$1))*(10/$E12)/10)),0),1)*$H12) -> 100 | CC12: =IF(OR($H12=0,CB12=0),0,CB12/$H12) -> 1 | CD12: =IF(OR($F12="",$G12="",$H12=""),0,MIN(MAX(IF($F12>CE$1,0,((($G12-$F12)-($G12-CE$1))*(10/$E12)/10)),0),1)*$H12) -> 100 | CE12: =IF(OR($H12=0,CD12=0),0,CD12/$H12) -> 1 | CF12: =IF(OR($F12="",$G12="",$H12=""),0,MIN(MAX(IF($F12>CG$1,0,((($G12-$F12)-($G12-CG$1))*(10/$E12)/10)),0),1)*$H12) -> 100 | CG12: =IF(OR($H12=0,CF12=0),0,CF12/$H12) -> 1 | CH12: =IF(OR($F12="",$G12="",$H12=""),0,MIN(MAX(IF($F12>CI$1,0,((($G12-$F12)-($G12-CI$1))*(10/$E12)/10)),0),1)*$H12) -> 100 | CI12: =IF(OR($H12=0,CH12=0),0,CH12/$H12) -> 1 | CJ12: =IF(OR($F12="",$G12="",$H12=""),0,MIN(MAX(IF($F12>CK$1,0,((($G12-$F12)-($G12-CK$1))*(10/$E12)/10)),0),1)*$H12) -> 100 | CK12: =IF(OR($H12=0,CJ12=0),0,CJ12/$H12) -> 1 | CL12: =IF(OR($F12="",$G12="",$H12=""),0,MIN(MAX(IF($F12>CM$1,0,((($G12-$F12)-($G12-CM$1))*(10/$E12)/10)),0),1)*$H12) -> 100 | CM12: =IF(OR($H12=0,CL12=0),0,CL12/$H12) -> 1
A13: =A12+1 -> 151 | B13: Completion of Piling | D13: 0 | E13: 1 | F13: 45271 | G13: 45271 | H13: 100 | I13: 100 | J13: % | K13: =IF(OR(F13="",G13="",H13=""),0,MIN(MAX(IF(F13>$O$1,0,(((G13-F13)-(G13-$O$1))*(10/E13)/10)),0),1)*H13) -> 100 | L13: =D13/$D$11 -> 0 | M13: =IF(OR(H13=0,K13=0),0,K13/H13) -> 1 | N13: =IF(OR(H13=0,I13=0),0,I13/H13) -> 1 | O13: =N13-M13 -> 0 | T13: =IF(OR($F13="",$G13="",$H13=""),0,MIN(MAX(IF($F13>U$1,0,((($G13-$F13)-($G13-U$1))*(10/$E13)/10)),0),1)*$H13) -> 0 | U13: =IF(OR($H13=0,T13=0),0,T13/$H13) -> 0 | V13: =IF(OR($F13="",$G13="",$H13=""),0,MIN(MAX(IF($F13>W$1,0,((($G13-$F13)-($G13-W$1))*(10/$E13)/10)),0),1)*$H13) -> 0 | W13: =IF(OR($H13=0,V13=0),0,V13/$H13) -> 0 | X13: =IF(OR($F13="",$G13="",$H13=""),0,MIN(MAX(IF($F13>Y$1,0,((($G13-$F13)-($G13-Y$1))*(10/$E13)/10)),0),1)*$H13) -> 0 | Y13: =IF(OR($H13=0,X13=0),0,X13/$H13) -> 0 | Z13: =IF(OR($F13="",$G13="",$H13=""),0,MIN(MAX(IF($F13>AA$1,0,((($G13-$F13)-($G13-AA$1))*(10/$E13)/10)),0),1)*$H13) -> 0 | AA13: =IF(OR($H13=0,Z13=0),0,Z13/$H13) -> 0 | AB13: =IF(OR($F13="",$G13="",$H13=""),0,MIN(MAX(IF($F13>AC$1,0,((($G13-$F13)-($G13-AC$1))*(10/$E13)/10)),0),1)*$H13) -> 0 | AC13: =IF(OR($H13=0,AB13=0),0,AB13/$H13) -> 0 | AD13: =IF(OR($F13="",$G13="",$H13=""),0,MIN(MAX(IF($F13>AE$1,0,((($G13-$F13)-($G13-AE$1))*(10/$E13)/10)),0),1)*$H13) -> 0 | AE13: =IF(OR($H13=0,AD13=0),0,AD13/$H13) -> 0 | AF13: =IF(OR($F13="",$G13="",$H13=""),0,MIN(MAX(IF($F13>AG$1,0,((($G13-$F13)-($G13-AG$1))*(10/$E13)/10)),0),1)*$H13) -> 0 | AG13: =IF(OR($H13=0,AF13=0),0,AF13/$H13) -> 0 | AH13: =IF(OR($F13="",$G13="",$H13=""),0,MIN(MAX(IF($F13>AI$1,0,((($G13-$F13)-($G13-AI$1))*(10/$E13)/10)),0),1)*$H13) -> 0 | AI13: =IF(OR($H13=0,AH13=0),0,AH13/$H13) -> 0 | AJ13: =IF(OR($F13="",$G13="",$H13=""),0,MIN(MAX(IF($F13>AK$1,0,((($G13-$F13)-($G13-AK$1))*(10/$E13)/10)),0),1)*$H13) -> 100 | AK13: =IF(OR($H13=0,AJ13=0),0,AJ13/$H13) -> 1 | AL13: =IF(OR($F13="",$G13="",$H13=""),0,MIN(MAX(IF($F13>AM$1,0,((($G13-$F13)-($G13-AM$1))*(10/$E13)/10)),0),1)*$H13) -> 100 | AM13: =IF(OR($H13=0,AL13=0),0,AL13/$H13) -> 1 | AN13: =IF(OR($F13="",$G13="",$H13=""),0,MIN(MAX(IF($F13>AO$1,0,((($G13-$F13)-($G13-AO$1))*(10/$E13)/10)),0),1)*$H13) -> 100 | AO13: =IF(OR($H13=0,AN13=0),0,AN13/$H13) -> 1 | AP13: =IF(OR($F13="",$G13="",$H13=""),0,MIN(MAX(IF($F13>AQ$1,0,((($G13-$F13)-($G13-AQ$1))*(10/$E13)/10)),0),1)*$H13) -> 100 | AQ13: =IF(OR($H13=0,AP13=0),0,AP13/$H13) -> 1 | AR13: =IF(OR($F13="",$G13="",$H13=""),0,MIN(MAX(IF($F13>AS$1,0,((($G13-$F13)-($G13-AS$1))*(10/$E13)/10)),0),1)*$H13) -> 100 | AS13: =IF(OR($H13=0,AR13=0),0,AR13/$H13) -> 1 | AT13: =IF(OR($F13="",$G13="",$H13=""),0,MIN(MAX(IF($F13>AU$1,0,((($G13-$F13)-($G13-AU$1))*(10/$E13)/10)),0),1)*$H13) -> 100 | AU13: =IF(OR($H13=0,AT13=0),0,AT13/$H13) -> 1 | AV13: =IF(OR($F13="",$G13="",$H13=""),0,MIN(MAX(IF($F13>AW$1,0,((($G13-$F13)-($G13-AW$1))*(10/$E13)/10)),0),1)*$H13) -> 100 | AW13: =IF(OR($H13=0,AV13=0),0,AV13/$H13) -> 1 | AX13: =IF(OR($F13="",$G13="",$H13=""),0,MIN(MAX(IF($F13>AY$1,0,((($G13-$F13)-($G13-AY$1))*(10/$E13)/10)),0),1)*$H13) -> 100 | AY13: =IF(OR($H13=0,AX13=0),0,AX13/$H13) -> 1 | AZ13: =IF(OR($F13="",$G13="",$H13=""),0,MIN(MAX(IF($F13>BA$1,0,((($G13-$F13)-($G13-BA$1))*(10/$E13)/10)),0),1)*$H13) -> 100 | BA13: =IF(OR($H13=0,AZ13=0),0,AZ13/$H13) -> 1 | BB13: =IF(OR($F13="",$G13="",$H13=""),0,MIN(MAX(IF($F13>BC$1,0,((($G13-$F13)-($G13-BC$1))*(10/$E13)/10)),0),1)*$H13) -> 100 | BC13: =IF(OR($H13=0,BB13=0),0,BB13/$H13) -> 1 | BD13: =IF(OR($F13="",$G13="",$H13=""),0,MIN(MAX(IF($F13>BE$1,0,((($G13-$F13)-($G13-BE$1))*(10/$E13)/10)),0),1)*$H13) -> 100 | BE13: =IF(OR($H13=0,BD13=0),0,BD13/$H13) -> 1 | BF13: =IF(OR($F13="",$G13="",$H13=""),0,MIN(MAX(IF($F13>BG$1,0,((($G13-$F13)-($G13-BG$1))*(10/$E13)/10)),0),1)*$H13) -> 100 | BG13: =IF(OR($H13=0,BF13=0),0,BF13/$H13) -> 1 | BH13: =IF(OR($F13="",$G13="",$H13=""),0,MIN(MAX(IF($F13>BI$1,0,((($G13-$F13)-($G13-BI$1))*(10/$E13)/10)),0),1)*$H13) -> 100 | BI13: =IF(OR($H13=0,BH13=0),0,BH13/$H13) -> 1 | BJ13: =IF(OR($F13="",$G13="",$H13=""),0,MIN(MAX(IF($F13>BK$1,0,((($G13-$F13)-($G13-BK$1))*(10/$E13)/10)),0),1)*$H13) -> 100 | BK13: =IF(OR($H13=0,BJ13=0),0,BJ13/$H13) -> 1 | BL13: =IF(OR($F13="",$G13="",$H13=""),0,MIN(MAX(IF($F13>BM$1,0,((($G13-$F13)-($G13-BM$1))*(10/$E13)/10)),0),1)*$H13) -> 100 | BM13: =IF(OR($H13=0,BL13=0),0,BL13/$H13) -> 1 | BN13: =IF(OR($F13="",$G13="",$H13=""),0,MIN(MAX(IF($F13>BO$1,0,((($G13-$F13)-($G13-BO$1))*(10/$E13)/10)),0),1)*$H13) -> 100 | BO13: =IF(OR($H13=0,BN13=0),0,BN13/$H13) -> 1 | BP13: =IF(OR($F13="",$G13="",$H13=""),0,MIN(MAX(IF($F13>BQ$1,0,((($G13-$F13)-($G13-BQ$1))*(10/$E13)/10)),0),1)*$H13) -> 100 | BQ13: =IF(OR($H13=0,BP13=0),0,BP13/$H13) -> 1 | BR13: =IF(OR($F13="",$G13="",$H13=""),0,MIN(MAX(IF($F13>BS$1,0,((($G13-$F13)-($G13-BS$1))*(10/$E13)/10)),0),1)*$H13) -> 100 | BS13: =IF(OR($H13=0,BR13=0),0,BR13/$H13) -> 1 | BT13: =IF(OR($F13="",$G13="",$H13=""),0,MIN(MAX(IF($F13>BU$1,0,((($G13-$F13)-($G13-BU$1))*(10/$E13)/10)),0),1)*$H13) -> 100 | BU13: =IF(OR($H13=0,BT13=0),0,BT13/$H13) -> 1 | BV13: =IF(OR($F13="",$G13="",$H13=""),0,MIN(MAX(IF($F13>BW$1,0,((($G13-$F13)-($G13-BW$1))*(10/$E13)/10)),0),1)*$H13) -> 100 | BW13: =IF(OR($H13=0,BV13=0),0,BV13/$H13) -> 1 | BX13: =IF(OR($F13="",$G13="",$H13=""),0,MIN(MAX(IF($F13>BY$1,0,((($G13-$F13)-($G13-BY$1))*(10/$E13)/10)),0),1)*$H13) -> 100 | BY13: =IF(OR($H13=0,BX13=0),0,BX13/$H13) -> 1 | BZ13: =IF(OR($F13="",$G13="",$H13=""),0,MIN(MAX(IF($F13>CA$1,0,((($G13-$F13)-($G13-CA$1))*(10/$E13)/10)),0),1)*$H13) -> 100 | CA13: =IF(OR($H13=0,BZ13=0),0,BZ13/$H13) -> 1 | CB13: =IF(OR($F13="",$G13="",$H13=""),0,MIN(MAX(IF($F13>CC$1,0,((($G13-$F13)-($G13-CC$1))*(10/$E13)/10)),0),1)*$H13) -> 100 | CC13: =IF(OR($H13=0,CB13=0),0,CB13/$H13) -> 1 | CD13: =IF(OR($F13="",$G13="",$H13=""),0,MIN(MAX(IF($F13>CE$1,0,((($G13-$F13)-($G13-CE$1))*(10/$E13)/10)),0),1)*$H13) -> 100 | CE13: =IF(OR($H13=0,CD13=0),0,CD13/$H13) -> 1 | CF13: =IF(OR($F13="",$G13="",$H13=""),0,MIN(MAX(IF($F13>CG$1,0,((($G13-$F13)-($G13-CG$1))*(10/$E13)/10)),0),1)*$H13) -> 100 | CG13: =IF(OR($H13=0,CF13=0),0,CF13/$H13) -> 1 | CH13: =IF(OR($F13="",$G13="",$H13=""),0,MIN(MAX(IF($F13>CI$1,0,((($G13-$F13)-($G13-CI$1))*(10/$E13)/10)),0),1)*$H13) -> 100 | CI13: =IF(OR($H13=0,CH13=0),0,CH13/$H13) -> 1 | CJ13: =IF(OR($F13="",$G13="",$H13=""),0,MIN(MAX(IF($F13>CK$1,0,((($G13-$F13)-($G13-CK$1))*(10/$E13)/10)),0),1)*$H13) -> 100 | CK13: =IF(OR($H13=0,CJ13=0),0,CJ13/$H13) -> 1 | CL13: =IF(OR($F13="",$G13="",$H13=""),0,MIN(MAX(IF($F13>CM$1,0,((($G13-$F13)-($G13-CM$1))*(10/$E13)/10)),0),1)*$H13) -> 100 | CM13: =IF(OR($H13=0,CL13=0),0,CL13/$H13) -> 1
A14: =A13+1 -> 152 | B14: Substructure | D14: 812 | E14: 62 | F14: 45276 | G14: 45337 | L14: =D14/$D$10 -> 0.99145299 | M14: =$L15*M15+$L36*M36+$L50*M50+$L81*M81 -> 1 | N14: =$L15*N15+$L36*N36+$L50*N50+$L81*N81 -> 1 | O14: =N14-M14 -> 0 | U14: =$L15*U15+$L36*U36+$L50*U50+$L81*U81 -> 0 | W14: =$L15*W15+$L36*W36+$L50*W50+$L81*W81 -> 0 | Y14: =$L15*Y15+$L36*Y36+$L50*Y50+$L81*Y81 -> 0 | AA14: =$L15*AA15+$L36*AA36+$L50*AA50+$L81*AA81 -> 0 | AC14: =$L15*AC15+$L36*AC36+$L50*AC50+$L81*AC81 -> 0 | AE14: =$L15*AE15+$L36*AE36+$L50*AE50+$L81*AE81 -> 0 | AG14: =$L15*AG15+$L36*AG36+$L50*AG50+$L81*AG81 -> 0 | AI14: =$L15*AI15+$L36*AI36+$L50*AI50+$L81*AI81 -> 0 | AK14: =$L15*AK15+$L36*AK36+$L50*AK50+$L81*AK81 -> 0 | AM14: =$L15*AM15+$L36*AM36+$L50*AM50+$L81*AM81 -> 0.016009852 | AO14: =$L15*AO15+$L36*AO36+$L50*AO50+$L81*AO81 -> 0.082512315 | AQ14: =$L15*AQ15+$L36*AQ36+$L50*AQ50+$L81*AQ81 -> 0.18842365 | AS14: =$L15*AS15+$L36*AS36+$L50*AS50+$L81*AS81 -> 0.34605911 | AU14: =$L15*AU15+$L36*AU36+$L50*AU50+$L81*AU81 -> 0.5270936 | AW14: =$L15*AW15+$L36*AW36+$L50*AW50+$L81*AW81 -> 0.72536946 | AY14: =$L15*AY15+$L36*AY36+$L50*AY50+$L81*AY81 -> 0.87315271 | BA14: =$L15*BA15+$L36*BA36+$L50*BA50+$L81*BA81 -> 0.96305419 | BC14: =$L15*BC15+$L36*BC36+$L50*BC50+$L81*BC81 -> 1 | BE14: =$L15*BE15+$L36*BE36+$L50*BE50+$L81*BE81 -> 1 | BG14: =$L15*BG15+$L36*BG36+$L50*BG50+$L81*BG81 -> 1 | BI14: =$L15*BI15+$L36*BI36+$L50*BI50+$L81*BI81 -> 1 | BK14: =$L15*BK15+$L36*BK36+$L50*BK50+$L81*BK81 -> 1 | BM14: =$L15*BM15+$L36*BM36+$L50*BM50+$L81*BM81 -> 1 | BO14: =$L15*BO15+$L36*BO36+$L50*BO50+$L81*BO81 -> 1 | BQ14: =$L15*BQ15+$L36*BQ36+$L50*BQ50+$L81*BQ81 -> 1 | BS14: =$L15*BS15+$L36*BS36+$L50*BS50+$L81*BS81 -> 1 | BU14: =$L15*BU15+$L36*BU36+$L50*BU50+$L81*BU81 -> 1 | BW14: =$L15*BW15+$L36*BW36+$L50*BW50+$L81*BW81 -> 1 | BY14: =$L15*BY15+$L36*BY36+$L50*BY50+$L81*BY81 -> 1 | CA14: =$L15*CA15+$L36*CA36+$L50*CA50+$L81*CA81 -> 1 | CC14: =$L15*CC15+$L36*CC36+$L50*CC50+$L81*CC81 -> 1 | CE14: =$L15*CE15+$L36*CE36+$L50*CE50+$L81*CE81 -> 1 | CG14: =$L15*CG15+$L36*CG36+$L50*CG50+$L81*CG81 -> 1 | CI14: =$L15*CI15+$L36*CI36+$L50*CI50+$L81*CI81 -> 1 | CK14: =$L15*CK15+$L36*CK36+$L50*CK50+$L81*CK81 -> 1 | CM14: =$L15*CM15+$L36*CM36+$L50*CM50+$L81*CM81 -> 1
A15: =A14+1 -> 153 | B15: Structure | D15: 313 | E15: 56 | F15: 45276 | G15: 45331 | L15: =D15/$D$14 -> 0.38546798 | M15: =$L16*M16+$L27*M27+$L35*M35 -> 1 | N15: =$L16*N16+$L27*N27+$L35*N35 -> 1 | O15: =N15-M15 -> 0 | U15: =$L16*U16+$L27*U27+$L35*U35 -> 0 | W15: =$L16*W16+$L27*W27+$L35*W35 -> 0 | Y15: =$L16*Y16+$L27*Y27+$L35*Y35 -> 0 | AA15: =$L16*AA16+$L27*AA27+$L35*AA35 -> 0 | AC15: =$L16*AC16+$L27*AC27+$L35*AC35 -> 0 | AE15: =$L16*AE16+$L27*AE27+$L35*AE35 -> 0 | AG15: =$L16*AG16+$L27*AG27+$L35*AG35 -> 0 | AI15: =$L16*AI16+$L27*AI27+$L35*AI35 -> 0 | AK15: =$L16*AK16+$L27*AK27+$L35*AK35 -> 0 | AM15: =$L16*AM16+$L27*AM27+$L35*AM35 -> 0.03514377 | AO15: =$L16*AO16+$L27*AO27+$L35*AO35 -> 0.1341853 | AQ15: =$L16*AQ16+$L27*AQ27+$L35*AQ35 -> 0.28434505 | AS15: =$L16*AS16+$L27*AS27+$L35*AS35 -> 0.46964856 | AU15: =$L16*AU16+$L27*AU27+$L35*AU35 -> 0.6485623 | AW15: =$L16*AW16+$L27*AW27+$L35*AW35 -> 0.82747604 | AY15: =$L16*AY16+$L27*AY27+$L35*AY35 -> 0.93929712 | BA15: =$L16*BA16+$L27*BA27+$L35*BA35 -> 0.99680511 | BC15: =$L16*BC16+$L27*BC27+$L35*BC35 -> 1 | BE15: =$L16*BE16+$L27*BE27+$L35*BE35 -> 1 | BG15: =$L16*BG16+$L27*BG27+$L35*BG35 -> 1 | BI15: =$L16*BI16+$L27*BI27+$L35*BI35 -> 1 | BK15: =$L16*BK16+$L27*BK27+$L35*BK35 -> 1 | BM15: =$L16*BM16+$L27*BM27+$L35*BM35 -> 1 | BO15: =$L16*BO16+$L27*BO27+$L35*BO35 -> 1 | BQ15: =$L16*BQ16+$L27*BQ27+$L35*BQ35 -> 1 | BS15: =$L16*BS16+$L27*BS27+$L35*BS35 -> 1 | BU15: =$L16*BU16+$L27*BU27+$L35*BU35 -> 1 | BW15: =$L16*BW16+$L27*BW27+$L35*BW35 -> 1 | BY15: =$L16*BY16+$L27*BY27+$L35*BY35 -> 1 | CA15: =$L16*CA16+$L27*CA27+$L35*CA35 -> 1 | CC15: =$L16*CC16+$L27*CC27+$L35*CC35 -> 1 | CE15: =$L16*CE16+$L27*CE27+$L35*CE35 -> 1 | CG15: =$L16*CG16+$L27*CG27+$L35*CG35 -> 1 | CI15: =$L16*CI16+$L27*CI27+$L35*CI35 -> 1 | CK15: =$L16*CK16+$L27*CK27+$L35*CK35 -> 1 | CM15: =$L16*CM16+$L27*CM27+$L35*CM35 -> 1
A16: =A15+1 -> 154 | B16: Pile Cap | D16: 188 | E16: 41 | F16: 45276 | G16: 45316 | L16: =D16/$D$15 -> 0.60063898 | M16: {=SUMPRODUCT($L17:$L26*M17:M26)} -> 1 | N16: {=SUMPRODUCT($L17:$L26*N17:N26)} -> 1 | O16: =N16-M16 -> 0 | U16: {=SUMPRODUCT($L17:$L26*U17:U26)} -> 0 | W16: {=SUMPRODUCT($L17:$L26*W17:W26)} -> 0 | Y16: {=SUMPRODUCT($L17:$L26*Y17:Y26)} -> 0 | AA16: {=SUMPRODUCT($L17:$L26*AA17:AA26)} -> 0 | AC16: {=SUMPRODUCT($L17:$L26*AC17:AC26)} -> 0 | AE16: {=SUMPRODUCT($L17:$L26*AE17:AE26)} -> 0 | AG16: {=SUMPRODUCT($L17:$L26*AG17:AG26)} -> 0 | AI16: {=SUMPRODUCT($L17:$L26*AI17:AI26)} -> 0 | AK16: {=SUMPRODUCT($L17:$L26*AK17:AK26)} -> 0 | AM16: {=SUMPRODUCT($L17:$L26*AM17:AM26)} -> 0.058510638 | AO16: {=SUMPRODUCT($L17:$L26*AO17:AO26)} -> 0.22340426 | AQ16: {=SUMPRODUCT($L17:$L26*AQ17:AQ26)} -> 0.47340426 | AS16: {=SUMPRODUCT($L17:$L26*AS17:AS26)} -> 0.75 | AU16: {=SUMPRODUCT($L17:$L26*AU17:AU26)} -> 0.92021277 | AW16: {=SUMPRODUCT($L17:$L26*AW17:AW26)} -> 1 | AY16: {=SUMPRODUCT($L17:$L26*AY17:AY26)} -> 1 | BA16: {=SUMPRODUCT($L17:$L26*BA17:BA26)} -> 1 | BC16: {=SUMPRODUCT($L17:$L26*BC17:BC26)} -> 1 | BE16: {=SUMPRODUCT($L17:$L26*BE17:BE26)} -> 1 | BG16: {=SUMPRODUCT($L17:$L26*BG17:BG26)} -> 1 | BI16: {=SUMPRODUCT($L17:$L26*BI17:BI26)} -> 1 | BK16: {=SUMPRODUCT($L17:$L26*BK17:BK26)} -> 1 | BM16: {=SUMPRODUCT($L17:$L26*BM17:BM26)} -> 1 | BO16: {=SUMPRODUCT($L17:$L26*BO17:BO26)} -> 1 | BQ16: {=SUMPRODUCT($L17:$L26*BQ17:BQ26)} -> 1 | BS16: {=SUMPRODUCT($L17:$L26*BS17:BS26)} -> 1 | BU16: {=SUMPRODUCT($L17:$L26*BU17:BU26)} -> 1 | BW16: {=SUMPRODUCT($L17:$L26*BW17:BW26)} -> 1 | BY16: {=SUMPRODUCT($L17:$L26*BY17:BY26)} -> 1 | CA16: {=SUMPRODUCT($L17:$L26*CA17:CA26)} -> 1 | CC16: {=SUMPRODUCT($L17:$L26*CC17:CC26)} -> 1 | CE16: {=SUMPRODUCT($L17:$L26*CE17:CE26)} -> 1 | CG16: {=SUMPRODUCT($L17:$L26*CG17:CG26)} -> 1 | CI16: {=SUMPRODUCT($L17:$L26*CI17:CI26)} -> 1 | CK16: {=SUMPRODUCT($L17:$L26*CK17:CK26)} -> 1 | CM16: {=SUMPRODUCT($L17:$L26*CM17:CM26)} -> 1
A17: =A16+1 -> 155 | B17: Excavation | D17: 21 | E17: 21 | F17: 45276 | G17: 45296 | H17: 100 | I17: 100 | J17: % | K17: =IF(OR(F17="",G17="",H17=""),0,MIN(MAX(IF(F17>$O$1,0,(((G17-F17)-(G17-$O$1))*(10/E17)/10)),0),1)*H17) -> 100 | L17: =D17/$D$16 -> 0.11170213 | M17: =IF(OR(H17=0,K17=0),0,K17/H17) -> 1 | N17: =IF(OR(H17=0,I17=0),0,I17/H17) -> 1 | O17: =N17-M17 -> 0 | T17: =IF(OR($F17="",$G17="",$H17=""),0,MIN(MAX(IF($F17>U$1,0,((($G17-$F17)-($G17-U$1))*(10/$E17)/10)),0),1)*$H17) -> 0 | U17: =IF(OR($H17=0,T17=0),0,T17/$H17) -> 0 | V17: =IF(OR($F17="",$G17="",$H17=""),0,MIN(MAX(IF($F17>W$1,0,((($G17-$F17)-($G17-W$1))*(10/$E17)/10)),0),1)*$H17) -> 0 | W17: =IF(OR($H17=0,V17=0),0,V17/$H17) -> 0 | X17: =IF(OR($F17="",$G17="",$H17=""),0,MIN(MAX(IF($F17>Y$1,0,((($G17-$F17)-($G17-Y$1))*(10/$E17)/10)),0),1)*$H17) -> 0 | Y17: =IF(OR($H17=0,X17=0),0,X17/$H17) -> 0 | Z17: =IF(OR($F17="",$G17="",$H17=""),0,MIN(MAX(IF($F17>AA$1,0,((($G17-$F17)-($G17-AA$1))*(10/$E17)/10)),0),1)*$H17) -> 0 | AA17: =IF(OR($H17=0,Z17=0),0,Z17/$H17) -> 0 | AB17: =IF(OR($F17="",$G17="",$H17=""),0,MIN(MAX(IF($F17>AC$1,0,((($G17-$F17)-($G17-AC$1))*(10/$E17)/10)),0),1)*$H17) -> 0 | AC17: =IF(OR($H17=0,AB17=0),0,AB17/$H17) -> 0 | AD17: =IF(OR($F17="",$G17="",$H17=""),0,MIN(MAX(IF($F17>AE$1,0,((($G17-$F17)-($G17-AE$1))*(10/$E17)/10)),0),1)*$H17) -> 0 | AE17: =IF(OR($H17=0,AD17=0),0,AD17/$H17) -> 0 | AF17: =IF(OR($F17="",$G17="",$H17=""),0,MIN(MAX(IF($F17>AG$1,0,((($G17-$F17)-($G17-AG$1))*(10/$E17)/10)),0),1)*$H17) -> 0 | AG17: =IF(OR($H17=0,AF17=0),0,AF17/$H17) -> 0 | AH17: =IF(OR($F17="",$G17="",$H17=""),0,MIN(MAX(IF($F17>AI$1,0,((($G17-$F17)-($G17-AI$1))*(10/$E17)/10)),0),1)*$H17) -> 0 | AI17: =IF(OR($H17=0,AH17=0),0,AH17/$H17) -> 0 | AJ17: =IF(OR($F17="",$G17="",$H17=""),0,MIN(MAX(IF($F17>AK$1,0,((($G17-$F17)-($G17-AK$1))*(10/$E17)/10)),0),1)*$H17) -> 0 | AK17: =IF(OR($H17=0,AJ17=0),0,AJ17/$H17) -> 0 | AL17: =IF(OR($F17="",$G17="",$H17=""),0,MIN(MAX(IF($F17>AM$1,0,((($G17-$F17)-($G17-AM$1))*(10/$E17)/10)),0),1)*$H17) -> 28.571429 | AM17: =IF(OR($H17=0,AL17=0),0,AL17/$H17) -> 0.28571429 | AN17: =IF(OR($F17="",$G17="",$H17=""),0,MIN(MAX(IF($F17>AO$1,0,((($G17-$F17)-($G17-AO$1))*(10/$E17)/10)),0),1)*$H17) -> 61.904762 | AO17: =IF(OR($H17=0,AN17=0),0,AN17/$H17) -> 0.61904762 | AP17: =IF(OR($F17="",$G17="",$H17=""),0,MIN(MAX(IF($F17>AQ$1,0,((($G17-$F17)-($G17-AQ$1))*(10/$E17)/10)),0),1)*$H17) -> 95.238095 | AQ17: =IF(OR($H17=0,AP17=0),0,AP17/$H17) -> 0.95238095 | AR17: =IF(OR($F17="",$G17="",$H17=""),0,MIN(MAX(IF($F17>AS$1,0,((($G17-$F17)-($G17-AS$1))*(10/$E17)/10)),0),1)*$H17) -> 100 | AS17: =IF(OR($H17=0,AR17=0),0,AR17/$H17) -> 1 | AT17: =IF(OR($F17="",$G17="",$H17=""),0,MIN(MAX(IF($F17>AU$1,0,((($G17-$F17)-($G17-AU$1))*(10/$E17)/10)),0),1)*$H17) -> 100 | AU17: =IF(OR($H17=0,AT17=0),0,AT17/$H17) -> 1 | AV17: =IF(OR($F17="",$G17="",$H17=""),0,MIN(MAX(IF($F17>AW$1,0,((($G17-$F17)-($G17-AW$1))*(10/$E17)/10)),0),1)*$H17) -> 100 | AW17: =IF(OR($H17=0,AV17=0),0,AV17/$H17) -> 1 | AX17: =IF(OR($F17="",$G17="",$H17=""),0,MIN(MAX(IF($F17>AY$1,0,((($G17-$F17)-($G17-AY$1))*(10/$E17)/10)),0),1)*$H17) -> 100 | AY17: =IF(OR($H17=0,AX17=0),0,AX17/$H17) -> 1 | AZ17: =IF(OR($F17="",$G17="",$H17=""),0,MIN(MAX(IF($F17>BA$1,0,((($G17-$F17)-($G17-BA$1))*(10/$E17)/10)),0),1)*$H17) -> 100 | BA17: =IF(OR($H17=0,AZ17=0),0,AZ17/$H17) -> 1 | BB17: =IF(OR($F17="",$G17="",$H17=""),0,MIN(MAX(IF($F17>BC$1,0,((($G17-$F17)-($G17-BC$1))*(10/$E17)/10)),0),1)*$H17) -> 100 | BC17: =IF(OR($H17=0,BB17=0),0,BB17/$H17) -> 1 | BD17: =IF(OR($F17="",$G17="",$H17=""),0,MIN(MAX(IF($F17>BE$1,0,((($G17-$F17)-($G17-BE$1))*(10/$E17)/10)),0),1)*$H17) -> 100 | BE17: =IF(OR($H17=0,BD17=0),0,BD17/$H17) -> 1 | BF17: =IF(OR($F17="",$G17="",$H17=""),0,MIN(MAX(IF($F17>BG$1,0,((($G17-$F17)-($G17-BG$1))*(10/$E17)/10)),0),1)*$H17) -> 100 | BG17: =IF(OR($H17=0,BF17=0),0,BF17/$H17) -> 1 | BH17: =IF(OR($F17="",$G17="",$H17=""),0,MIN(MAX(IF($F17>BI$1,0,((($G17-$F17)-($G17-BI$1))*(10/$E17)/10)),0),1)*$H17) -> 100 | BI17: =IF(OR($H17=0,BH17=0),0,BH17/$H17) -> 1 | BJ17: =IF(OR($F17="",$G17="",$H17=""),0,MIN(MAX(IF($F17>BK$1,0,((($G17-$F17)-($G17-BK$1))*(10/$E17)/10)),0),1)*$H17) -> 100 | BK17: =IF(OR($H17=0,BJ17=0),0,BJ17/$H17) -> 1 | BL17: =IF(OR($F17="",$G17="",$H17=""),0,MIN(MAX(IF($F17>BM$1,0,((($G17-$F17)-($G17-BM$1))*(10/$E17)/10)),0),1)*$H17) -> 100 | BM17: =IF(OR($H17=0,BL17=0),0,BL17/$H17) -> 1 | BN17: =IF(OR($F17="",$G17="",$H17=""),0,MIN(MAX(IF($F17>BO$1,0,((($G17-$F17)-($G17-BO$1))*(10/$E17)/10)),0),1)*$H17) -> 100 | BO17: =IF(OR($H17=0,BN17=0),0,BN17/$H17) -> 1 | BP17: =IF(OR($F17="",$G17="",$H17=""),0,MIN(MAX(IF($F17>BQ$1,0,((($G17-$F17)-($G17-BQ$1))*(10/$E17)/10)),0),1)*$H17) -> 100 | BQ17: =IF(OR($H17=0,BP17=0),0,BP17/$H17) -> 1 | BR17: =IF(OR($F17="",$G17="",$H17=""),0,MIN(MAX(IF($F17>BS$1,0,((($G17-$F17)-($G17-BS$1))*(10/$E17)/10)),0),1)*$H17) -> 100 | BS17: =IF(OR($H17=0,BR17=0),0,BR17/$H17) -> 1 | BT17: =IF(OR($F17="",$G17="",$H17=""),0,MIN(MAX(IF($F17>BU$1,0,((($G17-$F17)-($G17-BU$1))*(10/$E17)/10)),0),1)*$H17) -> 100 | BU17: =IF(OR($H17=0,BT17=0),0,BT17/$H17) -> 1 | BV17: =IF(OR($F17="",$G17="",$H17=""),0,MIN(MAX(IF($F17>BW$1,0,((($G17-$F17)-($G17-BW$1))*(10/$E17)/10)),0),1)*$H17) -> 100 | BW17: =IF(OR($H17=0,BV17=0),0,BV17/$H17) -> 1 | BX17: =IF(OR($F17="",$G17="",$H17=""),0,MIN(MAX(IF($F17>BY$1,0,((($G17-$F17)-($G17-BY$1))*(10/$E17)/10)),0),1)*$H17) -> 100 | BY17: =IF(OR($H17=0,BX17=0),0,BX17/$H17) -> 1 | BZ17: =IF(OR($F17="",$G17="",$H17=""),0,MIN(MAX(IF($F17>CA$1,0,((($G17-$F17)-($G17-CA$1))*(10/$E17)/10)),0),1)*$H17) -> 100 | CA17: =IF(OR($H17=0,BZ17=0),0,BZ17/$H17) -> 1 | CB17: =IF(OR($F17="",$G17="",$H17=""),0,MIN(MAX(IF($F17>CC$1,0,((($G17-$F17)-($G17-CC$1))*(10/$E17)/10)),0),1)*$H17) -> 100 | CC17: =IF(OR($H17=0,CB17=0),0,CB17/$H17) -> 1 | CD17: =IF(OR($F17="",$G17="",$H17=""),0,MIN(MAX(IF($F17>CE$1,0,((($G17-$F17)-($G17-CE$1))*(10/$E17)/10)),0),1)*$H17) -> 100 | CE17: =IF(OR($H17=0,CD17=0),0,CD17/$H17) -> 1 | CF17: =IF(OR($F17="",$G17="",$H17=""),0,MIN(MAX(IF($F17>CG$1,0,((($G17-$F17)-($G17-CG$1))*(10/$E17)/10)),0),1)*$H17) -> 100 | CG17: =IF(OR($H17=0,CF17=0),0,CF17/$H17) -> 1 | CH17: =IF(OR($F17="",$G17="",$H17=""),0,MIN(MAX(IF($F17>CI$1,0,((($G17-$F17)-($G17-CI$1))*(10/$E17)/10)),0),1)*$H17) -> 100 | CI17: =IF(OR($H17=0,CH17=0),0,CH17/$H17) -> 1 | CJ17: =IF(OR($F17="",$G17="",$H17=""),0,MIN(MAX(IF($F17>CK$1,0,((($G17-$F17)-($G17-CK$1))*(10/$E17)/10)),0),1)*$H17) -> 100 | CK17: =IF(OR($H17=0,CJ17=0),0,CJ17/$H17) -> 1 | CL17: =IF(OR($F17="",$G17="",$H17=""),0,MIN(MAX(IF($F17>CM$1,0,((($G17-$F17)-($G17-CM$1))*(10/$E17)/10)),0),1)*$H17) -> 100 | CM17: =IF(OR($H17=0,CL17=0),0,CL17/$H17) -> 1
A18: =A17+1 -> 156 | B18: Leveling and Compaction | D18: 21 | E18: 21 | F18: 45279 | G18: 45299 | H18: 100 | I18: 100 | J18: % | K18: =IF(OR(F18="",G18="",H18=""),0,MIN(MAX(IF(F18>$O$1,0,(((G18-F18)-(G18-$O$1))*(10/E18)/10)),0),1)*H18) -> 100 | L18: =D18/$D$16 -> 0.11170213 | M18: =IF(OR(H18=0,K18=0),0,K18/H18) -> 1 | N18: =IF(OR(H18=0,I18=0),0,I18/H18) -> 1 | O18: =N18-M18 -> 0 | T18: =IF(OR($F18="",$G18="",$H18=""),0,MIN(MAX(IF($F18>U$1,0,((($G18-$F18)-($G18-U$1))*(10/$E18)/10)),0),1)*$H18) -> 0 | U18: =IF(OR($H18=0,T18=0),0,T18/$H18) -> 0 | V18: =IF(OR($F18="",$G18="",$H18=""),0,MIN(MAX(IF($F18>W$1,0,((($G18-$F18)-($G18-W$1))*(10/$E18)/10)),0),1)*$H18) -> 0 | W18: =IF(OR($H18=0,V18=0),0,V18/$H18) -> 0 | X18: =IF(OR($F18="",$G18="",$H18=""),0,MIN(MAX(IF($F18>Y$1,0,((($G18-$F18)-($G18-Y$1))*(10/$E18)/10)),0),1)*$H18) -> 0 | Y18: =IF(OR($H18=0,X18=0),0,X18/$H18) -> 0 | Z18: =IF(OR($F18="",$G18="",$H18=""),0,MIN(MAX(IF($F18>AA$1,0,((($G18-$F18)-($G18-AA$1))*(10/$E18)/10)),0),1)*$H18) -> 0 | AA18: =IF(OR($H18=0,Z18=0),0,Z18/$H18) -> 0 | AB18: =IF(OR($F18="",$G18="",$H18=""),0,MIN(MAX(IF($F18>AC$1,0,((($G18-$F18)-($G18-AC$1))*(10/$E18)/10)),0),1)*$H18) -> 0 | AC18: =IF(OR($H18=0,AB18=0),0,AB18/$H18) -> 0 | AD18: =IF(OR($F18="",$G18="",$H18=""),0,MIN(MAX(IF($F18>AE$1,0,((($G18-$F18)-($G18-AE$1))*(10/$E18)/10)),0),1)*$H18) -> 0 | AE18: =IF(OR($H18=0,AD18=0),0,AD18/$H18) -> 0 | AF18: =IF(OR($F18="",$G18="",$H18=""),0,MIN(MAX(IF($F18>AG$1,0,((($G18-$F18)-($G18-AG$1))*(10/$E18)/10)),0),1)*$H18) -> 0 | AG18: =IF(OR($H18=0,AF18=0),0,AF18/$H18) -> 0 | AH18: =IF(OR($F18="",$G18="",$H18=""),0,MIN(MAX(IF($F18>AI$1,0,((($G18-$F18)-($G18-AI$1))*(10/$E18)/10)),0),1)*$H18) -> 0 | AI18: =IF(OR($H18=0,AH18=0),0,AH18/$H18) -> 0 | AJ18: =IF(OR($F18="",$G18="",$H18=""),0,MIN(MAX(IF($F18>AK$1,0,((($G18-$F18)-($G18-AK$1))*(10/$E18)/10)),0),1)*$H18) -> 0 | AK18: =IF(OR($H18=0,AJ18=0),0,AJ18/$H18) -> 0 | AL18: =IF(OR($F18="",$G18="",$H18=""),0,MIN(MAX(IF($F18>AM$1,0,((($G18-$F18)-($G18-AM$1))*(10/$E18)/10)),0),1)*$H18) -> 14.285714 | AM18: =IF(OR($H18=0,AL18=0),0,AL18/$H18) -> 0.14285714 | AN18: =IF(OR($F18="",$G18="",$H18=""),0,MIN(MAX(IF($F18>AO$1,0,((($G18-$F18)-($G18-AO$1))*(10/$E18)/10)),0),1)*$H18) -> 47.619048 | AO18: =IF(OR($H18=0,AN18=0),0,AN18/$H18) -> 0.47619048 | AP18: =IF(OR($F18="",$G18="",$H18=""),0,MIN(MAX(IF($F18>AQ$1,0,((($G18-$F18)-($G18-AQ$1))*(10/$E18)/10)),0),1)*$H18) -> 80.952381 | AQ18: =IF(OR($H18=0,AP18=0),0,AP18/$H18) -> 0.80952381 | AR18: =IF(OR($F18="",$G18="",$H18=""),0,MIN(MAX(IF($F18>AS$1,0,((($G18-$F18)-($G18-AS$1))*(10/$E18)/10)),0),1)*$H18) -> 100 | AS18: =IF(OR($H18=0,AR18=0),0,AR18/$H18) -> 1 | AT18: =IF(OR($F18="",$G18="",$H18=""),0,MIN(MAX(IF($F18>AU$1,0,((($G18-$F18)-($G18-AU$1))*(10/$E18)/10)),0),1)*$H18) -> 100 | AU18: =IF(OR($H18=0,AT18=0),0,AT18/$H18) -> 1 | AV18: =IF(OR($F18="",$G18="",$H18=""),0,MIN(MAX(IF($F18>AW$1,0,((($G18-$F18)-($G18-AW$1))*(10/$E18)/10)),0),1)*$H18) -> 100 | AW18: =IF(OR($H18=0,AV18=0),0,AV18/$H18) -> 1 | AX18: =IF(OR($F18="",$G18="",$H18=""),0,MIN(MAX(IF($F18>AY$1,0,((($G18-$F18)-($G18-AY$1))*(10/$E18)/10)),0),1)*$H18) -> 100 | AY18: =IF(OR($H18=0,AX18=0),0,AX18/$H18) -> 1 | AZ18: =IF(OR($F18="",$G18="",$H18=""),0,MIN(MAX(IF($F18>BA$1,0,((($G18-$F18)-($G18-BA$1))*(10/$E18)/10)),0),1)*$H18) -> 100 | BA18: =IF(OR($H18=0,AZ18=0),0,AZ18/$H18) -> 1 | BB18: =IF(OR($F18="",$G18="",$H18=""),0,MIN(MAX(IF($F18>BC$1,0,((($G18-$F18)-($G18-BC$1))*(10/$E18)/10)),0),1)*$H18) -> 100 | BC18: =IF(OR($H18=0,BB18=0),0,BB18/$H18) -> 1 | BD18: =IF(OR($F18="",$G18="",$H18=""),0,MIN(MAX(IF($F18>BE$1,0,((($G18-$F18)-($G18-BE$1))*(10/$E18)/10)),0),1)*$H18) -> 100 | BE18: =IF(OR($H18=0,BD18=0),0,BD18/$H18) -> 1 | BF18: =IF(OR($F18="",$G18="",$H18=""),0,MIN(MAX(IF($F18>BG$1,0,((($G18-$F18)-($G18-BG$1))*(10/$E18)/10)),0),1)*$H18) -> 100 | BG18: =IF(OR($H18=0,BF18=0),0,BF18/$H18) -> 1 | BH18: =IF(OR($F18="",$G18="",$H18=""),0,MIN(MAX(IF($F18>BI$1,0,((($G18-$F18)-($G18-BI$1))*(10/$E18)/10)),0),1)*$H18) -> 100 | BI18: =IF(OR($H18=0,BH18=0),0,BH18/$H18) -> 1 | BJ18: =IF(OR($F18="",$G18="",$H18=""),0,MIN(MAX(IF($F18>BK$1,0,((($G18-$F18)-($G18-BK$1))*(10/$E18)/10)),0),1)*$H18) -> 100 | BK18: =IF(OR($H18=0,BJ18=0),0,BJ18/$H18) -> 1 | BL18: =IF(OR($F18="",$G18="",$H18=""),0,MIN(MAX(IF($F18>BM$1,0,((($G18-$F18)-($G18-BM$1))*(10/$E18)/10)),0),1)*$H18) -> 100 | BM18: =IF(OR($H18=0,BL18=0),0,BL18/$H18) -> 1 | BN18: =IF(OR($F18="",$G18="",$H18=""),0,MIN(MAX(IF($F18>BO$1,0,((($G18-$F18)-($G18-BO$1))*(10/$E18)/10)),0),1)*$H18) -> 100 | BO18: =IF(OR($H18=0,BN18=0),0,BN18/$H18) -> 1 | BP18: =IF(OR($F18="",$G18="",$H18=""),0,MIN(MAX(IF($F18>BQ$1,0,((($G18-$F18)-($G18-BQ$1))*(10/$E18)/10)),0),1)*$H18) -> 100 | BQ18: =IF(OR($H18=0,BP18=0),0,BP18/$H18) -> 1 | BR18: =IF(OR($F18="",$G18="",$H18=""),0,MIN(MAX(IF($F18>BS$1,0,((($G18-$F18)-($G18-BS$1))*(10/$E18)/10)),0),1)*$H18) -> 100 | BS18: =IF(OR($H18=0,BR18=0),0,BR18/$H18) -> 1 | BT18: =IF(OR($F18="",$G18="",$H18=""),0,MIN(MAX(IF($F18>BU$1,0,((($G18-$F18)-($G18-BU$1))*(10/$E18)/10)),0),1)*$H18) -> 100 | BU18: =IF(OR($H18=0,BT18=0),0,BT18/$H18) -> 1 | BV18: =IF(OR($F18="",$G18="",$H18=""),0,MIN(MAX(IF($F18>BW$1,0,((($G18-$F18)-($G18-BW$1))*(10/$E18)/10)),0),1)*$H18) -> 100 | BW18: =IF(OR($H18=0,BV18=0),0,BV18/$H18) -> 1 | BX18: =IF(OR($F18="",$G18="",$H18=""),0,MIN(MAX(IF($F18>BY$1,0,((($G18-$F18)-($G18-BY$1))*(10/$E18)/10)),0),1)*$H18) -> 100 | BY18: =IF(OR($H18=0,BX18=0),0,BX18/$H18) -> 1 | BZ18: =IF(OR($F18="",$G18="",$H18=""),0,MIN(MAX(IF($F18>CA$1,0,((($G18-$F18)-($G18-CA$1))*(10/$E18)/10)),0),1)*$H18) -> 100 | CA18: =IF(OR($H18=0,BZ18=0),0,BZ18/$H18) -> 1 | CB18: =IF(OR($F18="",$G18="",$H18=""),0,MIN(MAX(IF($F18>CC$1,0,((($G18-$F18)-($G18-CC$1))*(10/$E18)/10)),0),1)*$H18) -> 100 | CC18: =IF(OR($H18=0,CB18=0),0,CB18/$H18) -> 1 | CD18: =IF(OR($F18="",$G18="",$H18=""),0,MIN(MAX(IF($F18>CE$1,0,((($G18-$F18)-($G18-CE$1))*(10/$E18)/10)),0),1)*$H18) -> 100 | CE18: =IF(OR($H18=0,CD18=0),0,CD18/$H18) -> 1 | CF18: =IF(OR($F18="",$G18="",$H18=""),0,MIN(MAX(IF($F18>CG$1,0,((($G18-$F18)-($G18-CG$1))*(10/$E18)/10)),0),1)*$H18) -> 100 | CG18: =IF(OR($H18=0,CF18=0),0,CF18/$H18) -> 1 | CH18: =IF(OR($F18="",$G18="",$H18=""),0,MIN(MAX(IF($F18>CI$1,0,((($G18-$F18)-($G18-CI$1))*(10/$E18)/10)),0),1)*$H18) -> 100 | CI18: =IF(OR($H18=0,CH18=0),0,CH18/$H18) -> 1 | CJ18: =IF(OR($F18="",$G18="",$H18=""),0,MIN(MAX(IF($F18>CK$1,0,((($G18-$F18)-($G18-CK$1))*(10/$E18)/10)),0),1)*$H18) -> 100 | CK18: =IF(OR($H18=0,CJ18=0),0,CJ18/$H18) -> 1 | CL18: =IF(OR($F18="",$G18="",$H18=""),0,MIN(MAX(IF($F18>CM$1,0,((($G18-$F18)-($G18-CM$1))*(10/$E18)/10)),0),1)*$H18) -> 100 | CM18: =IF(OR($H18=0,CL18=0),0,CL18/$H18) -> 1
A19: =A18+1 -> 157 | B19: Lean Concrete Pouring | D19: 21 | E19: 21 | F19: 45280 | G19: 45300 | H19: 100 | I19: 100 | J19: % | K19: =IF(OR(F19="",G19="",H19=""),0,MIN(MAX(IF(F19>$O$1,0,(((G19-F19)-(G19-$O$1))*(10/E19)/10)),0),1)*H19) -> 100 | L19: =D19/$D$16 -> 0.11170213 | M19: =IF(OR(H19=0,K19=0),0,K19/H19) -> 1 | N19: =IF(OR(H19=0,I19=0),0,I19/H19) -> 1 | O19: =N19-M19 -> 0 | T19: =IF(OR($F19="",$G19="",$H19=""),0,MIN(MAX(IF($F19>U$1,0,((($G19-$F19)-($G19-U$1))*(10/$E19)/10)),0),1)*$H19) -> 0 | U19: =IF(OR($H19=0,T19=0),0,T19/$H19) -> 0 | V19: =IF(OR($F19="",$G19="",$H19=""),0,MIN(MAX(IF($F19>W$1,0,((($G19-$F19)-($G19-W$1))*(10/$E19)/10)),0),1)*$H19) -> 0 | W19: =IF(OR($H19=0,V19=0),0,V19/$H19) -> 0 | X19: =IF(OR($F19="",$G19="",$H19=""),0,MIN(MAX(IF($F19>Y$1,0,((($G19-$F19)-($G19-Y$1))*(10/$E19)/10)),0),1)*$H19) -> 0 | Y19: =IF(OR($H19=0,X19=0),0,X19/$H19) -> 0 | Z19: =IF(OR($F19="",$G19="",$H19=""),0,MIN(MAX(IF($F19>AA$1,0,((($G19-$F19)-($G19-AA$1))*(10/$E19)/10)),0),1)*$H19) -> 0 | AA19: =IF(OR($H19=0,Z19=0),0,Z19/$H19) -> 0 | AB19: =IF(OR($F19="",$G19="",$H19=""),0,MIN(MAX(IF($F19>AC$1,0,((($G19-$F19)-($G19-AC$1))*(10/$E19)/10)),0),1)*$H19) -> 0 | AC19: =IF(OR($H19=0,AB19=0),0,AB19/$H19) -> 0 | AD19: =IF(OR($F19="",$G19="",$H19=""),0,MIN(MAX(IF($F19>AE$1,0,((($G19-$F19)-($G19-AE$1))*(10/$E19)/10)),0),1)*$H19) -> 0 | AE19: =IF(OR($H19=0,AD19=0),0,AD19/$H19) -> 0 | AF19: =IF(OR($F19="",$G19="",$H19=""),0,MIN(MAX(IF($F19>AG$1,0,((($G19-$F19)-($G19-AG$1))*(10/$E19)/10)),0),1)*$H19) -> 0 | AG19: =IF(OR($H19=0,AF19=0),0,AF19/$H19) -> 0 | AH19: =IF(OR($F19="",$G19="",$H19=""),0,MIN(MAX(IF($F19>AI$1,0,((($G19-$F19)-($G19-AI$1))*(10/$E19)/10)),0),1)*$H19) -> 0 | AI19: =IF(OR($H19=0,AH19=0),0,AH19/$H19) -> 0 | AJ19: =IF(OR($F19="",$G19="",$H19=""),0,MIN(MAX(IF($F19>AK$1,0,((($G19-$F19)-($G19-AK$1))*(10/$E19)/10)),0),1)*$H19) -> 0 | AK19: =IF(OR($H19=0,AJ19=0),0,AJ19/$H19) -> 0 | AL19: =IF(OR($F19="",$G19="",$H19=""),0,MIN(MAX(IF($F19>AM$1,0,((($G19-$F19)-($G19-AM$1))*(10/$E19)/10)),0),1)*$H19) -> 9.5238095 | AM19: =IF(OR($H19=0,AL19=0),0,AL19/$H19) -> 0.095238095 | AN19: =IF(OR($F19="",$G19="",$H19=""),0,MIN(MAX(IF($F19>AO$1,0,((($G19-$F19)-($G19-AO$1))*(10/$E19)/10)),0),1)*$H19) -> 42.857143 | AO19: =IF(OR($H19=0,AN19=0),0,AN19/$H19) -> 0.42857143 | AP19: =IF(OR($F19="",$G19="",$H19=""),0,MIN(MAX(IF($F19>AQ$1,0,((($G19-$F19)-($G19-AQ$1))*(10/$E19)/10)),0),1)*$H19) -> 76.190476 | AQ19: =IF(OR($H19=0,AP19=0),0,AP19/$H19) -> 0.76190476 | AR19: =IF(OR($F19="",$G19="",$H19=""),0,MIN(MAX(IF($F19>AS$1,0,((($G19-$F19)-($G19-AS$1))*(10/$E19)/10)),0),1)*$H19) -> 100 | AS19: =IF(OR($H19=0,AR19=0),0,AR19/$H19) -> 1 | AT19: =IF(OR($F19="",$G19="",$H19=""),0,MIN(MAX(IF($F19>AU$1,0,((($G19-$F19)-($G19-AU$1))*(10/$E19)/10)),0),1)*$H19) -> 100 | AU19: =IF(OR($H19=0,AT19=0),0,AT19/$H19) -> 1 | AV19: =IF(OR($F19="",$G19="",$H19=""),0,MIN(MAX(IF($F19>AW$1,0,((($G19-$F19)-($G19-AW$1))*(10/$E19)/10)),0),1)*$H19) -> 100 | AW19: =IF(OR($H19=0,AV19=0),0,AV19/$H19) -> 1 | AX19: =IF(OR($F19="",$G19="",$H19=""),0,MIN(MAX(IF($F19>AY$1,0,((($G19-$F19)-($G19-AY$1))*(10/$E19)/10)),0),1)*$H19) -> 100 | AY19: =IF(OR($H19=0,AX19=0),0,AX19/$H19) -> 1 | AZ19: =IF(OR($F19="",$G19="",$H19=""),0,MIN(MAX(IF($F19>BA$1,0,((($G19-$F19)-($G19-BA$1))*(10/$E19)/10)),0),1)*$H19) -> 100 | BA19: =IF(OR($H19=0,AZ19=0),0,AZ19/$H19) -> 1 | BB19: =IF(OR($F19="",$G19="",$H19=""),0,MIN(MAX(IF($F19>BC$1,0,((($G19-$F19)-($G19-BC$1))*(10/$E19)/10)),0),1)*$H19) -> 100 | BC19: =IF(OR($H19=0,BB19=0),0,BB19/$H19) -> 1 | BD19: =IF(OR($F19="",$G19="",$H19=""),0,MIN(MAX(IF($F19>BE$1,0,((($G19-$F19)-($G19-BE$1))*(10/$E19)/10)),0),1)*$H19) -> 100 | BE19: =IF(OR($H19=0,BD19=0),0,BD19/$H19) -> 1 | BF19: =IF(OR($F19="",$G19="",$H19=""),0,MIN(MAX(IF($F19>BG$1,0,((($G19-$F19)-($G19-BG$1))*(10/$E19)/10)),0),1)*$H19) -> 100 | BG19: =IF(OR($H19=0,BF19=0),0,BF19/$H19) -> 1 | BH19: =IF(OR($F19="",$G19="",$H19=""),0,MIN(MAX(IF($F19>BI$1,0,((($G19-$F19)-($G19-BI$1))*(10/$E19)/10)),0),1)*$H19) -> 100 | BI19: =IF(OR($H19=0,BH19=0),0,BH19/$H19) -> 1 | BJ19: =IF(OR($F19="",$G19="",$H19=""),0,MIN(MAX(IF($F19>BK$1,0,((($G19-$F19)-($G19-BK$1))*(10/$E19)/10)),0),1)*$H19) -> 100 | BK19: =IF(OR($H19=0,BJ19=0),0,BJ19/$H19) -> 1 | BL19: =IF(OR($F19="",$G19="",$H19=""),0,MIN(MAX(IF($F19>BM$1,0,((($G19-$F19)-($G19-BM$1))*(10/$E19)/10)),0),1)*$H19) -> 100 | BM19: =IF(OR($H19=0,BL19=0),0,BL19/$H19) -> 1 | BN19: =IF(OR($F19="",$G19="",$H19=""),0,MIN(MAX(IF($F19>BO$1,0,((($G19-$F19)-($G19-BO$1))*(10/$E19)/10)),0),1)*$H19) -> 100 | BO19: =IF(OR($H19=0,BN19=0),0,BN19/$H19) -> 1 | BP19: =IF(OR($F19="",$G19="",$H19=""),0,MIN(MAX(IF($F19>BQ$1,0,((($G19-$F19)-($G19-BQ$1))*(10/$E19)/10)),0),1)*$H19) -> 100 | BQ19: =IF(OR($H19=0,BP19=0),0,BP19/$H19) -> 1 | BR19: =IF(OR($F19="",$G19="",$H19=""),0,MIN(MAX(IF($F19>BS$1,0,((($G19-$F19)-($G19-BS$1))*(10/$E19)/10)),0),1)*$H19) -> 100 | BS19: =IF(OR($H19=0,BR19=0),0,BR19/$H19) -> 1 | BT19: =IF(OR($F19="",$G19="",$H19=""),0,MIN(MAX(IF($F19>BU$1,0,((($G19-$F19)-($G19-BU$1))*(10/$E19)/10)),0),1)*$H19) -> 100 | BU19: =IF(OR($H19=0,BT19=0),0,BT19/$H19) -> 1 | BV19: =IF(OR($F19="",$G19="",$H19=""),0,MIN(MAX(IF($F19>BW$1,0,((($G19-$F19)-($G19-BW$1))*(10/$E19)/10)),0),1)*$H19) -> 100 | BW19: =IF(OR($H19=0,BV19=0),0,BV19/$H19) -> 1 | BX19: =IF(OR($F19="",$G19="",$H19=""),0,MIN(MAX(IF($F19>BY$1,0,((($G19-$F19)-($G19-BY$1))*(10/$E19)/10)),0),1)*$H19) -> 100 | BY19: =IF(OR($H19=0,BX19=0),0,BX19/$H19) -> 1 | BZ19: =IF(OR($F19="",$G19="",$H19=""),0,MIN(MAX(IF($F19>CA$1,0,((($G19-$F19)-($G19-CA$1))*(10/$E19)/10)),0),1)*$H19) -> 100 | CA19: =IF(OR($H19=0,BZ19=0),0,BZ19/$H19) -> 1 | CB19: =IF(OR($F19="",$G19="",$H19=""),0,MIN(MAX(IF($F19>CC$1,0,((($G19-$F19)-($G19-CC$1))*(10/$E19)/10)),0),1)*$H19) -> 100 | CC19: =IF(OR($H19=0,CB19=0),0,CB19/$H19) -> 1 | CD19: =IF(OR($F19="",$G19="",$H19=""),0,MIN(MAX(IF($F19>CE$1,0,((($G19-$F19)-($G19-CE$1))*(10/$E19)/10)),0),1)*$H19) -> 100 | CE19: =IF(OR($H19=0,CD19=0),0,CD19/$H19) -> 1 | CF19: =IF(OR($F19="",$G19="",$H19=""),0,MIN(MAX(IF($F19>CG$1,0,((($G19-$F19)-($G19-CG$1))*(10/$E19)/10)),0),1)*$H19) -> 100 | CG19: =IF(OR($H19=0,CF19=0),0,CF19/$H19) -> 1 | CH19: =IF(OR($F19="",$G19="",$H19=""),0,MIN(MAX(IF($F19>CI$1,0,((($G19-$F19)-($G19-CI$1))*(10/$E19)/10)),0),1)*$H19) -> 100 | CI19: =IF(OR($H19=0,CH19=0),0,CH19/$H19) -> 1 | CJ19: =IF(OR($F19="",$G19="",$H19=""),0,MIN(MAX(IF($F19>CK$1,0,((($G19-$F19)-($G19-CK$1))*(10/$E19)/10)),0),1)*$H19) -> 100 | CK19: =IF(OR($H19=0,CJ19=0),0,CJ19/$H19) -> 1 | CL19: =IF(OR($F19="",$G19="",$H19=""),0,MIN(MAX(IF($F19>CM$1,0,((($G19-$F19)-($G19-CM$1))*(10/$E19)/10)),0),1)*$H19) -> 100 | CM19: =IF(OR($H19=0,CL19=0),0,CL19/$H19) -> 1
A20: =A19+1 -> 158 | B20: Pile Cutting and Treatment | D20: 21 | E20: 21 | F20: 45282 | G20: 45302 | H20: 100 | I20: 100 | J20: % | K20: =IF(OR(F20="",G20="",H20=""),0,MIN(MAX(IF(F20>$O$1,0,(((G20-F20)-(G20-$O$1))*(10/E20)/10)),0),1)*H20) -> 100 | L20: =D20/$D$16 -> 0.11170213 | M20: =IF(OR(H20=0,K20=0),0,K20/H20) -> 1 | N20: =IF(OR(H20=0,I20=0),0,I20/H20) -> 1 | O20: =N20-M20 -> 0 | T20: =IF(OR($F20="",$G20="",$H20=""),0,MIN(MAX(IF($F20>U$1,0,((($G20-$F20)-($G20-U$1))*(10/$E20)/10)),0),1)*$H20) -> 0 | U20: =IF(OR($H20=0,T20=0),0,T20/$H20) -> 0 | V20: =IF(OR($F20="",$G20="",$H20=""),0,MIN(MAX(IF($F20>W$1,0,((($G20-$F20)-($G20-W$1))*(10/$E20)/10)),0),1)*$H20) -> 0 | W20: =IF(OR($H20=0,V20=0),0,V20/$H20) -> 0 | X20: =IF(OR($F20="",$G20="",$H20=""),0,MIN(MAX(IF($F20>Y$1,0,((($G20-$F20)-($G20-Y$1))*(10/$E20)/10)),0),1)*$H20) -> 0 | Y20: =IF(OR($H20=0,X20=0),0,X20/$H20) -> 0 | Z20: =IF(OR($F20="",$G20="",$H20=""),0,MIN(MAX(IF($F20>AA$1,0,((($G20-$F20)-($G20-AA$1))*(10/$E20)/10)),0),1)*$H20) -> 0 | AA20: =IF(OR($H20=0,Z20=0),0,Z20/$H20) -> 0 | AB20: =IF(OR($F20="",$G20="",$H20=""),0,MIN(MAX(IF($F20>AC$1,0,((($G20-$F20)-($G20-AC$1))*(10/$E20)/10)),0),1)*$H20) -> 0 | AC20: =IF(OR($H20=0,AB20=0),0,AB20/$H20) -> 0 | AD20: =IF(OR($F20="",$G20="",$H20=""),0,MIN(MAX(IF($F20>AE$1,0,((($G20-$F20)-($G20-AE$1))*(10/$E20)/10)),0),1)*$H20) -> 0 | AE20: =IF(OR($H20=0,AD20=0),0,AD20/$H20) -> 0 | AF20: =IF(OR($F20="",$G20="",$H20=""),0,MIN(MAX(IF($F20>AG$1,0,((($G20-$F20)-($G20-AG$1))*(10/$E20)/10)),0),1)*$H20) -> 0 | AG20: =IF(OR($H20=0,AF20=0),0,AF20/$H20) -> 0 | AH20: =IF(OR($F20="",$G20="",$H20=""),0,MIN(MAX(IF($F20>AI$1,0,((($G20-$F20)-($G20-AI$1))*(10/$E20)/10)),0),1)*$H20) -> 0 | AI20: =IF(OR($H20=0,AH20=0),0,AH20/$H20) -> 0 | AJ20: =IF(OR($F20="",$G20="",$H20=""),0,MIN(MAX(IF($F20>AK$1,0,((($G20-$F20)-($G20-AK$1))*(10/$E20)/10)),0),1)*$H20) -> 0 | AK20: =IF(OR($H20=0,AJ20=0),0,AJ20/$H20) -> 0 | AL20: =IF(OR($F20="",$G20="",$H20=""),0,MIN(MAX(IF($F20>AM$1,0,((($G20-$F20)-($G20-AM$1))*(10/$E20)/10)),0),1)*$H20) -> 0 | AM20: =IF(OR($H20=0,AL20=0),0,AL20/$H20) -> 0 | AN20: =IF(OR($F20="",$G20="",$H20=""),0,MIN(MAX(IF($F20>AO$1,0,((($G20-$F20)-($G20-AO$1))*(10/$E20)/10)),0),1)*$H20) -> 33.333333 | AO20: =IF(OR($H20=0,AN20=0),0,AN20/$H20) -> 0.33333333 | AP20: =IF(OR($F20="",$G20="",$H20=""),0,MIN(MAX(IF($F20>AQ$1,0,((($G20-$F20)-($G20-AQ$1))*(10/$E20)/10)),0),1)*$H20) -> 66.666667 | AQ20: =IF(OR($H20=0,AP20=0),0,AP20/$H20) -> 0.66666667 | AR20: =IF(OR($F20="",$G20="",$H20=""),0,MIN(MAX(IF($F20>AS$1,0,((($G20-$F20)-($G20-AS$1))*(10/$E20)/10)),0),1)*$H20) -> 100 | AS20: =IF(OR($H20=0,AR20=0),0,AR20/$H20) -> 1 | AT20: =IF(OR($F20="",$G20="",$H20=""),0,MIN(MAX(IF($F20>AU$1,0,((($G20-$F20)-($G20-AU$1))*(10/$E20)/10)),0),1)*$H20) -> 100 | AU20: =IF(OR($H20=0,AT20=0),0,AT20/$H20) -> 1 | AV20: =IF(OR($F20="",$G20="",$H20=""),0,MIN(MAX(IF($F20>AW$1,0,((($G20-$F20)-($G20-AW$1))*(10/$E20)/10)),0),1)*$H20) -> 100 | AW20: =IF(OR($H20=0,AV20=0),0,AV20/$H20) -> 1 | AX20: =IF(OR($F20="",$G20="",$H20=""),0,MIN(MAX(IF($F20>AY$1,0,((($G20-$F20)-($G20-AY$1))*(10/$E20)/10)),0),1)*$H20) -> 100 | AY20: =IF(OR($H20=0,AX20=0),0,AX20/$H20) -> 1 | AZ20: =IF(OR($F20="",$G20="",$H20=""),0,MIN(MAX(IF($F20>BA$1,0,((($G20-$F20)-($G20-BA$1))*(10/$E20)/10)),0),1)*$H20) -> 100 | BA20: =IF(OR($H20=0,AZ20=0),0,AZ20/$H20) -> 1 | BB20: =IF(OR($F20="",$G20="",$H20=""),0,MIN(MAX(IF($F20>BC$1,0,((($G20-$F20)-($G20-BC$1))*(10/$E20)/10)),0),1)*$H20) -> 100 | BC20: =IF(OR($H20=0,BB20=0),0,BB20/$H20) -> 1 | BD20: =IF(OR($F20="",$G20="",$H20=""),0,MIN(MAX(IF($F20>BE$1,0,((($G20-$F20)-($G20-BE$1))*(10/$E20)/10)),0),1)*$H20) -> 100 | BE20: =IF(OR($H20=0,BD20=0),0,BD20/$H20) -> 1 | BF20: =IF(OR($F20="",$G20="",$H20=""),0,MIN(MAX(IF($F20>BG$1,0,((($G20-$F20)-($G20-BG$1))*(10/$E20)/10)),0),1)*$H20) -> 100 | BG20: =IF(OR($H20=0,BF20=0),0,BF20/$H20) -> 1 | BH20: =IF(OR($F20="",$G20="",$H20=""),0,MIN(MAX(IF($F20>BI$1,0,((($G20-$F20)-($G20-BI$1))*(10/$E20)/10)),0),1)*$H20) -> 100 | BI20: =IF(OR($H20=0,BH20=0),0,BH20/$H20) -> 1 | BJ20: =IF(OR($F20="",$G20="",$H20=""),0,MIN(MAX(IF($F20>BK$1,0,((($G20-$F20)-($G20-BK$1))*(10/$E20)/10)),0),1)*$H20) -> 100 | BK20: =IF(OR($H20=0,BJ20=0),0,BJ20/$H20) -> 1 | BL20: =IF(OR($F20="",$G20="",$H20=""),0,MIN(MAX(IF($F20>BM$1,0,((($G20-$F20)-($G20-BM$1))*(10/$E20)/10)),0),1)*$H20) -> 100 | BM20: =IF(OR($H20=0,BL20=0),0,BL20/$H20) -> 1 | BN20: =IF(OR($F20="",$G20="",$H20=""),0,MIN(MAX(IF($F20>BO$1,0,((($G20-$F20)-($G20-BO$1))*(10/$E20)/10)),0),1)*$H20) -> 100 | BO20: =IF(OR($H20=0,BN20=0),0,BN20/$H20) -> 1 | BP20: =IF(OR($F20="",$G20="",$H20=""),0,MIN(MAX(IF($F20>BQ$1,0,((($G20-$F20)-($G20-BQ$1))*(10/$E20)/10)),0),1)*$H20) -> 100 | BQ20: =IF(OR($H20=0,BP20=0),0,BP20/$H20) -> 1 | BR20: =IF(OR($F20="",$G20="",$H20=""),0,MIN(MAX(IF($F20>BS$1,0,((($G20-$F20)-($G20-BS$1))*(10/$E20)/10)),0),1)*$H20) -> 100 | BS20: =IF(OR($H20=0,BR20=0),0,BR20/$H20) -> 1 | BT20: =IF(OR($F20="",$G20="",$H20=""),0,MIN(MAX(IF($F20>BU$1,0,((($G20-$F20)-($G20-BU$1))*(10/$E20)/10)),0),1)*$H20) -> 100 | BU20: =IF(OR($H20=0,BT20=0),0,BT20/$H20) -> 1 | BV20: =IF(OR($F20="",$G20="",$H20=""),0,MIN(MAX(IF($F20>BW$1,0,((($G20-$F20)-($G20-BW$1))*(10/$E20)/10)),0),1)*$H20) -> 100 | BW20: =IF(OR($H20=0,BV20=0),0,BV20/$H20) -> 1 | BX20: =IF(OR($F20="",$G20="",$H20=""),0,MIN(MAX(IF($F20>BY$1,0,((($G20-$F20)-($G20-BY$1))*(10/$E20)/10)),0),1)*$H20) -> 100 | BY20: =IF(OR($H20=0,BX20=0),0,BX20/$H20) -> 1 | BZ20: =IF(OR($F20="",$G20="",$H20=""),0,MIN(MAX(IF($F20>CA$1,0,((($G20-$F20)-($G20-CA$1))*(10/$E20)/10)),0),1)*$H20) -> 100 | CA20: =IF(OR($H20=0,BZ20=0),0,BZ20/$H20) -> 1 | CB20: =IF(OR($F20="",$G20="",$H20=""),0,MIN(MAX(IF($F20>CC$1,0,((($G20-$F20)-($G20-CC$1))*(10/$E20)/10)),0),1)*$H20) -> 100 | CC20: =IF(OR($H20=0,CB20=0),0,CB20/$H20) -> 1 | CD20: =IF(OR($F20="",$G20="",$H20=""),0,MIN(MAX(IF($F20>CE$1,0,((($G20-$F20)-($G20-CE$1))*(10/$E20)/10)),0),1)*$H20) -> 100 | CE20: =IF(OR($H20=0,CD20=0),0,CD20/$H20) -> 1 | CF20: =IF(OR($F20="",$G20="",$H20=""),0,MIN(MAX(IF($F20>CG$1,0,((($G20-$F20)-($G20-CG$1))*(10/$E20)/10)),0),1)*$H20) -> 100 | CG20: =IF(OR($H20=0,CF20=0),0,CF20/$H20) -> 1 | CH20: =IF(OR($F20="",$G20="",$H20=""),0,MIN(MAX(IF($F20>CI$1,0,((($G20-$F20)-($G20-CI$1))*(10/$E20)/10)),0),1)*$H20) -> 100 | CI20: =IF(OR($H20=0,CH20=0),0,CH20/$H20) -> 1 | CJ20: =IF(OR($F20="",$G20="",$H20=""),0,MIN(MAX(IF($F20>CK$1,0,((($G20-$F20)-($G20-CK$1))*(10/$E20)/10)),0),1)*$H20) -> 100 | CK20: =IF(OR($H20=0,CJ20=0),0,CJ20/$H20) -> 1 | CL20: =IF(OR($F20="",$G20="",$H20=""),0,MIN(MAX(IF($F20>CM$1,0,((($G20-$F20)-($G20-CM$1))*(10/$E20)/10)),0),1)*$H20) -> 100 | CM20: =IF(OR($H20=0,CL20=0),0,CL20/$H20) -> 1
A21: =A20+1 -> 159 | B21: Reinforcement Bar Fixing | D21: 21 | E21: 21 | F21: 45286 | G21: 45306 | H21: 100 | I21: 100 | J21: % | K21: =IF(OR(F21="",G21="",H21=""),0,MIN(MAX(IF(F21>$O$1,0,(((G21-F21)-(G21-$O$1))*(10/E21)/10)),0),1)*H21) -> 100 | L21: =D21/$D$16 -> 0.11170213 | M21: =IF(OR(H21=0,K21=0),0,K21/H21) -> 1 | N21: =IF(OR(H21=0,I21=0),0,I21/H21) -> 1 | O21: =N21-M21 -> 0 | T21: =IF(OR($F21="",$G21="",$H21=""),0,MIN(MAX(IF($F21>U$1,0,((($G21-$F21)-($G21-U$1))*(10/$E21)/10)),0),1)*$H21) -> 0 | U21: =IF(OR($H21=0,T21=0),0,T21/$H21) -> 0 | V21: =IF(OR($F21="",$G21="",$H21=""),0,MIN(MAX(IF($F21>W$1,0,((($G21-$F21)-($G21-W$1))*(10/$E21)/10)),0),1)*$H21) -> 0 | W21: =IF(OR($H21=0,V21=0),0,V21/$H21) -> 0 | X21: =IF(OR($F21="",$G21="",$H21=""),0,MIN(MAX(IF($F21>Y$1,0,((($G21-$F21)-($G21-Y$1))*(10/$E21)/10)),0),1)*$H21) -> 0 | Y21: =IF(OR($H21=0,X21=0),0,X21/$H21) -> 0 | Z21: =IF(OR($F21="",$G21="",$H21=""),0,MIN(MAX(IF($F21>AA$1,0,((($G21-$F21)-($G21-AA$1))*(10/$E21)/10)),0),1)*$H21) -> 0 | AA21: =IF(OR($H21=0,Z21=0),0,Z21/$H21) -> 0 | AB21: =IF(OR($F21="",$G21="",$H21=""),0,MIN(MAX(IF($F21>AC$1,0,((($G21-$F21)-($G21-AC$1))*(10/$E21)/10)),0),1)*$H21) -> 0 | AC21: =IF(OR($H21=0,AB21=0),0,AB21/$H21) -> 0 | AD21: =IF(OR($F21="",$G21="",$H21=""),0,MIN(MAX(IF($F21>AE$1,0,((($G21-$F21)-($G21-AE$1))*(10/$E21)/10)),0),1)*$H21) -> 0 | AE21: =IF(OR($H21=0,AD21=0),0,AD21/$H21) -> 0 | AF21: =IF(OR($F21="",$G21="",$H21=""),0,MIN(MAX(IF($F21>AG$1,0,((($G21-$F21)-($G21-AG$1))*(10/$E21)/10)),0),1)*$H21) -> 0 | AG21: =IF(OR($H21=0,AF21=0),0,AF21/$H21) -> 0 | AH21: =IF(OR($F21="",$G21="",$H21=""),0,MIN(MAX(IF($F21>AI$1,0,((($G21-$F21)-($G21-AI$1))*(10/$E21)/10)),0),1)*$H21) -> 0 | AI21: =IF(OR($H21=0,AH21=0),0,AH21/$H21) -> 0 | AJ21: =IF(OR($F21="",$G21="",$H21=""),0,MIN(MAX(IF($F21>AK$1,0,((($G21-$F21)-($G21-AK$1))*(10/$E21)/10)),0),1)*$H21) -> 0 | AK21: =IF(OR($H21=0,AJ21=0),0,AJ21/$H21) -> 0 | AL21: =IF(OR($F21="",$G21="",$H21=""),0,MIN(MAX(IF($F21>AM$1,0,((($G21-$F21)-($G21-AM$1))*(10/$E21)/10)),0),1)*$H21) -> 0 | AM21: =IF(OR($H21=0,AL21=0),0,AL21/$H21) -> 0 | AN21: =IF(OR($F21="",$G21="",$H21=""),0,MIN(MAX(IF($F21>AO$1,0,((($G21-$F21)-($G21-AO$1))*(10/$E21)/10)),0),1)*$H21) -> 14.285714 | AO21: =IF(OR($H21=0,AN21=0),0,AN21/$H21) -> 0.14285714 | AP21: =IF(OR($F21="",$G21="",$H21=""),0,MIN(MAX(IF($F21>AQ$1,0,((($G21-$F21)-($G21-AQ$1))*(10/$E21)/10)),0),1)*$H21) -> 47.619048 | AQ21: =IF(OR($H21=0,AP21=0),0,AP21/$H21) -> 0.47619048 | AR21: =IF(OR($F21="",$G21="",$H21=""),0,MIN(MAX(IF($F21>AS$1,0,((($G21-$F21)-($G21-AS$1))*(10/$E21)/10)),0),1)*$H21) -> 80.952381 | AS21: =IF(OR($H21=0,AR21=0),0,AR21/$H21) -> 0.80952381 | AT21: =IF(OR($F21="",$G21="",$H21=""),0,MIN(MAX(IF($F21>AU$1,0,((($G21-$F21)-($G21-AU$1))*(10/$E21)/10)),0),1)*$H21) -> 100 | AU21: =IF(OR($H21=0,AT21=0),0,AT21/$H21) -> 1 | AV21: =IF(OR($F21="",$G21="",$H21=""),0,MIN(MAX(IF($F21>AW$1,0,((($G21-$F21)-($G21-AW$1))*(10/$E21)/10)),0),1)*$H21) -> 100 | AW21: =IF(OR($H21=0,AV21=0),0,AV21/$H21) -> 1 | AX21: =IF(OR($F21="",$G21="",$H21=""),0,MIN(MAX(IF($F21>AY$1,0,((($G21-$F21)-($G21-AY$1))*(10/$E21)/10)),0),1)*$H21) -> 100 | AY21: =IF(OR($H21=0,AX21=0),0,AX21/$H21) -> 1 | AZ21: =IF(OR($F21="",$G21="",$H21=""),0,MIN(MAX(IF($F21>BA$1,0,((($G21-$F21)-($G21-BA$1))*(10/$E21)/10)),0),1)*$H21) -> 100 | BA21: =IF(OR($H21=0,AZ21=0),0,AZ21/$H21) -> 1 | BB21: =IF(OR($F21="",$G21="",$H21=""),0,MIN(MAX(IF($F21>BC$1,0,((($G21-$F21)-($G21-BC$1))*(10/$E21)/10)),0),1)*$H21) -> 100 | BC21: =IF(OR($H21=0,BB21=0),0,BB21/$H21) -> 1 | BD21: =IF(OR($F21="",$G21="",$H21=""),0,MIN(MAX(IF($F21>BE$1,0,((($G21-$F21)-($G21-BE$1))*(10/$E21)/10)),0),1)*$H21) -> 100 | BE21: =IF(OR($H21=0,BD21=0),0,BD21/$H21) -> 1 | BF21: =IF(OR($F21="",$G21="",$H21=""),0,MIN(MAX(IF($F21>BG$1,0,((($G21-$F21)-($G21-BG$1))*(10/$E21)/10)),0),1)*$H21) -> 100 | BG21: =IF(OR($H21=0,BF21=0),0,BF21/$H21) -> 1 | BH21: =IF(OR($F21="",$G21="",$H21=""),0,MIN(MAX(IF($F21>BI$1,0,((($G21-$F21)-($G21-BI$1))*(10/$E21)/10)),0),1)*$H21) -> 100 | BI21: =IF(OR($H21=0,BH21=0),0,BH21/$H21) -> 1 | BJ21: =IF(OR($F21="",$G21="",$H21=""),0,MIN(MAX(IF($F21>BK$1,0,((($G21-$F21)-($G21-BK$1))*(10/$E21)/10)),0),1)*$H21) -> 100 | BK21: =IF(OR($H21=0,BJ21=0),0,BJ21/$H21) -> 1 | BL21: =IF(OR($F21="",$G21="",$H21=""),0,MIN(MAX(IF($F21>BM$1,0,((($G21-$F21)-($G21-BM$1))*(10/$E21)/10)),0),1)*$H21) -> 100 | BM21: =IF(OR($H21=0,BL21=0),0,BL21/$H21) -> 1 | BN21: =IF(OR($F21="",$G21="",$H21=""),0,MIN(MAX(IF($F21>BO$1,0,((($G21-$F21)-($G21-BO$1))*(10/$E21)/10)),0),1)*$H21) -> 100 | BO21: =IF(OR($H21=0,BN21=0),0,BN21/$H21) -> 1 | BP21: =IF(OR($F21="",$G21="",$H21=""),0,MIN(MAX(IF($F21>BQ$1,0,((($G21-$F21)-($G21-BQ$1))*(10/$E21)/10)),0),1)*$H21) -> 100 | BQ21: =IF(OR($H21=0,BP21=0),0,BP21/$H21) -> 1 | BR21: =IF(OR($F21="",$G21="",$H21=""),0,MIN(MAX(IF($F21>BS$1,0,((($G21-$F21)-($G21-BS$1))*(10/$E21)/10)),0),1)*$H21) -> 100 | BS21: =IF(OR($H21=0,BR21=0),0,BR21/$H21) -> 1 | BT21: =IF(OR($F21="",$G21="",$H21=""),0,MIN(MAX(IF($F21>BU$1,0,((($G21-$F21)-($G21-BU$1))*(10/$E21)/10)),0),1)*$H21) -> 100 | BU21: =IF(OR($H21=0,BT21=0),0,BT21/$H21) -> 1 | BV21: =IF(OR($F21="",$G21="",$H21=""),0,MIN(MAX(IF($F21>BW$1,0,((($G21-$F21)-($G21-BW$1))*(10/$E21)/10)),0),1)*$H21) -> 100 | BW21: =IF(OR($H21=0,BV21=0),0,BV21/$H21) -> 1 | BX21: =IF(OR($F21="",$G21="",$H21=""),0,MIN(MAX(IF($F21>BY$1,0,((($G21-$F21)-($G21-BY$1))*(10/$E21)/10)),0),1)*$H21) -> 100 | BY21: =IF(OR($H21=0,BX21=0),0,BX21/$H21) -> 1 | BZ21: =IF(OR($F21="",$G21="",$H21=""),0,MIN(MAX(IF($F21>CA$1,0,((($G21-$F21)-($G21-CA$1))*(10/$E21)/10)),0),1)*$H21) -> 100 | CA21: =IF(OR($H21=0,BZ21=0),0,BZ21/$H21) -> 1 | CB21: =IF(OR($F21="",$G21="",$H21=""),0,MIN(MAX(IF($F21>CC$1,0,((($G21-$F21)-($G21-CC$1))*(10/$E21)/10)),0),1)*$H21) -> 100 | CC21: =IF(OR($H21=0,CB21=0),0,CB21/$H21) -> 1 | CD21: =IF(OR($F21="",$G21="",$H21=""),0,MIN(MAX(IF($F21>CE$1,0,((($G21-$F21)-($G21-CE$1))*(10/$E21)/10)),0),1)*$H21) -> 100 | CE21: =IF(OR($H21=0,CD21=0),0,CD21/$H21) -> 1 | CF21: =IF(OR($F21="",$G21="",$H21=""),0,MIN(MAX(IF($F21>CG$1,0,((($G21-$F21)-($G21-CG$1))*(10/$E21)/10)),0),1)*$H21) -> 100 | CG21: =IF(OR($H21=0,CF21=0),0,CF21/$H21) -> 1 | CH21: =IF(OR($F21="",$G21="",$H21=""),0,MIN(MAX(IF($F21>CI$1,0,((($G21-$F21)-($G21-CI$1))*(10/$E21)/10)),0),1)*$H21) -> 100 | CI21: =IF(OR($H21=0,CH21=0),0,CH21/$H21) -> 1 | CJ21: =IF(OR($F21="",$G21="",$H21=""),0,MIN(MAX(IF($F21>CK$1,0,((($G21-$F21)-($G21-CK$1))*(10/$E21)/10)),0),1)*$H21) -> 100 | CK21: =IF(OR($H21=0,CJ21=0),0,CJ21/$H21) -> 1 | CL21: =IF(OR($F21="",$G21="",$H21=""),0,MIN(MAX(IF($F21>CM$1,0,((($G21-$F21)-($G21-CM$1))*(10/$E21)/10)),0),1)*$H21) -> 100 | CM21: =IF(OR($H21=0,CL21=0),0,CL21/$H21) -> 1
A22: =A21+1 -> 160 | B22: Formwork Fixing | D22: 21 | E22: 21 | F22: 45289 | G22: 45309 | H22: 100 | I22: 100 | J22: % | K22: =IF(OR(F22="",G22="",H22=""),0,MIN(MAX(IF(F22>$O$1,0,(((G22-F22)-(G22-$O$1))*(10/E22)/10)),0),1)*H22) -> 100 | L22: =D22/$D$16 -> 0.11170213 | M22: =IF(OR(H22=0,K22=0),0,K22/H22) -> 1 | N22: =IF(OR(H22=0,I22=0),0,I22/H22) -> 1 | O22: =N22-M22 -> 0 | T22: =IF(OR($F22="",$G22="",$H22=""),0,MIN(MAX(IF($F22>U$1,0,((($G22-$F22)-($G22-U$1))*(10/$E22)/10)),0),1)*$H22) -> 0 | U22: =IF(OR($H22=0,T22=0),0,T22/$H22) -> 0 | V22: =IF(OR($F22="",$G22="",$H22=""),0,MIN(MAX(IF($F22>W$1,0,((($G22-$F22)-($G22-W$1))*(10/$E22)/10)),0),1)*$H22) -> 0 | W22: =IF(OR($H22=0,V22=0),0,V22/$H22) -> 0 | X22: =IF(OR($F22="",$G22="",$H22=""),0,MIN(MAX(IF($F22>Y$1,0,((($G22-$F22)-($G22-Y$1))*(10/$E22)/10)),0),1)*$H22) -> 0 | Y22: =IF(OR($H22=0,X22=0),0,X22/$H22) -> 0 | Z22: =IF(OR($F22="",$G22="",$H22=""),0,MIN(MAX(IF($F22>AA$1,0,((($G22-$F22)-($G22-AA$1))*(10/$E22)/10)),0),1)*$H22) -> 0 | AA22: =IF(OR($H22=0,Z22=0),0,Z22/$H22) -> 0 | AB22: =IF(OR($F22="",$G22="",$H22=""),0,MIN(MAX(IF($F22>AC$1,0,((($G22-$F22)-($G22-AC$1))*(10/$E22)/10)),0),1)*$H22) -> 0 | AC22: =IF(OR($H22=0,AB22=0),0,AB22/$H22) -> 0 | AD22: =IF(OR($F22="",$G22="",$H22=""),0,MIN(MAX(IF($F22>AE$1,0,((($G22-$F22)-($G22-AE$1))*(10/$E22)/10)),0),1)*$H22) -> 0 | AE22: =IF(OR($H22=0,AD22=0),0,AD22/$H22) -> 0 | AF22: =IF(OR($F22="",$G22="",$H22=""),0,MIN(MAX(IF($F22>AG$1,0,((($G22-$F22)-($G22-AG$1))*(10/$E22)/10)),0),1)*$H22) -> 0 | AG22: =IF(OR($H22=0,AF22=0),0,AF22/$H22) -> 0 | AH22: =IF(OR($F22="",$G22="",$H22=""),0,MIN(MAX(IF($F22>AI$1,0,((($G22-$F22)-($G22-AI$1))*(10/$E22)/10)),0),1)*$H22) -> 0 | AI22: =IF(OR($H22=0,AH22=0),0,AH22/$H22) -> 0 | AJ22: =IF(OR($F22="",$G22="",$H22=""),0,MIN(MAX(IF($F22>AK$1,0,((($G22-$F22)-($G22-AK$1))*(10/$E22)/10)),0),1)*$H22) -> 0 | AK22: =IF(OR($H22=0,AJ22=0),0,AJ22/$H22) -> 0 | AL22: =IF(OR($F22="",$G22="",$H22=""),0,MIN(MAX(IF($F22>AM$1,0,((($G22-$F22)-($G22-AM$1))*(10/$E22)/10)),0),1)*$H22) -> 0 | AM22: =IF(OR($H22=0,AL22=0),0,AL22/$H22) -> 0 | AN22: =IF(OR($F22="",$G22="",$H22=""),0,MIN(MAX(IF($F22>AO$1,0,((($G22-$F22)-($G22-AO$1))*(10/$E22)/10)),0),1)*$H22) -> 0 | AO22: =IF(OR($H22=0,AN22=0),0,AN22/$H22) -> 0 | AP22: =IF(OR($F22="",$G22="",$H22=""),0,MIN(MAX(IF($F22>AQ$1,0,((($G22-$F22)-($G22-AQ$1))*(10/$E22)/10)),0),1)*$H22) -> 33.333333 | AQ22: =IF(OR($H22=0,AP22=0),0,AP22/$H22) -> 0.33333333 | AR22: =IF(OR($F22="",$G22="",$H22=""),0,MIN(MAX(IF($F22>AS$1,0,((($G22-$F22)-($G22-AS$1))*(10/$E22)/10)),0),1)*$H22) -> 66.666667 | AS22: =IF(OR($H22=0,AR22=0),0,AR22/$H22) -> 0.66666667 | AT22: =IF(OR($F22="",$G22="",$H22=""),0,MIN(MAX(IF($F22>AU$1,0,((($G22-$F22)-($G22-AU$1))*(10/$E22)/10)),0),1)*$H22) -> 100 | AU22: =IF(OR($H22=0,AT22=0),0,AT22/$H22) -> 1 | AV22: =IF(OR($F22="",$G22="",$H22=""),0,MIN(MAX(IF($F22>AW$1,0,((($G22-$F22)-($G22-AW$1))*(10/$E22)/10)),0),1)*$H22) -> 100 | AW22: =IF(OR($H22=0,AV22=0),0,AV22/$H22) -> 1 | AX22: =IF(OR($F22="",$G22="",$H22=""),0,MIN(MAX(IF($F22>AY$1,0,((($G22-$F22)-($G22-AY$1))*(10/$E22)/10)),0),1)*$H22) -> 100 | AY22: =IF(OR($H22=0,AX22=0),0,AX22/$H22) -> 1 | AZ22: =IF(OR($F22="",$G22="",$H22=""),0,MIN(MAX(IF($F22>BA$1,0,((($G22-$F22)-($G22-BA$1))*(10/$E22)/10)),0),1)*$H22) -> 100 | BA22: =IF(OR($H22=0,AZ22=0),0,AZ22/$H22) -> 1 | BB22: =IF(OR($F22="",$G22="",$H22=""),0,MIN(MAX(IF($F22>BC$1,0,((($G22-$F22)-($G22-BC$1))*(10/$E22)/10)),0),1)*$H22) -> 100 | BC22: =IF(OR($H22=0,BB22=0),0,BB22/$H22) -> 1 | BD22: =IF(OR($F22="",$G22="",$H22=""),0,MIN(MAX(IF($F22>BE$1,0,((($G22-$F22)-($G22-BE$1))*(10/$E22)/10)),0),1)*$H22) -> 100 | BE22: =IF(OR($H22=0,BD22=0),0,BD22/$H22) -> 1 | BF22: =IF(OR($F22="",$G22="",$H22=""),0,MIN(MAX(IF($F22>BG$1,0,((($G22-$F22)-($G22-BG$1))*(10/$E22)/10)),0),1)*$H22) -> 100 | BG22: =IF(OR($H22=0,BF22=0),0,BF22/$H22) -> 1 | BH22: =IF(OR($F22="",$G22="",$H22=""),0,MIN(MAX(IF($F22>BI$1,0,((($G22-$F22)-($G22-BI$1))*(10/$E22)/10)),0),1)*$H22) -> 100 | BI22: =IF(OR($H22=0,BH22=0),0,BH22/$H22) -> 1 | BJ22: =IF(OR($F22="",$G22="",$H22=""),0,MIN(MAX(IF($F22>BK$1,0,((($G22-$F22)-($G22-BK$1))*(10/$E22)/10)),0),1)*$H22) -> 100 | BK22: =IF(OR($H22=0,BJ22=0),0,BJ22/$H22) -> 1 | BL22: =IF(OR($F22="",$G22="",$H22=""),0,MIN(MAX(IF($F22>BM$1,0,((($G22-$F22)-($G22-BM$1))*(10/$E22)/10)),0),1)*$H22) -> 100 | BM22: =IF(OR($H22=0,BL22=0),0,BL22/$H22) -> 1 | BN22: =IF(OR($F22="",$G22="",$H22=""),0,MIN(MAX(IF($F22>BO$1,0,((($G22-$F22)-($G22-BO$1))*(10/$E22)/10)),0),1)*$H22) -> 100 | BO22: =IF(OR($H22=0,BN22=0),0,BN22/$H22) -> 1 | BP22: =IF(OR($F22="",$G22="",$H22=""),0,MIN(MAX(IF($F22>BQ$1,0,((($G22-$F22)-($G22-BQ$1))*(10/$E22)/10)),0),1)*$H22) -> 100 | BQ22: =IF(OR($H22=0,BP22=0),0,BP22/$H22) -> 1 | BR22: =IF(OR($F22="",$G22="",$H22=""),0,MIN(MAX(IF($F22>BS$1,0,((($G22-$F22)-($G22-BS$1))*(10/$E22)/10)),0),1)*$H22) -> 100 | BS22: =IF(OR($H22=0,BR22=0),0,BR22/$H22) -> 1 | BT22: =IF(OR($F22="",$G22="",$H22=""),0,MIN(MAX(IF($F22>BU$1,0,((($G22-$F22)-($G22-BU$1))*(10/$E22)/10)),0),1)*$H22) -> 100 | BU22: =IF(OR($H22=0,BT22=0),0,BT22/$H22) -> 1 | BV22: =IF(OR($F22="",$G22="",$H22=""),0,MIN(MAX(IF($F22>BW$1,0,((($G22-$F22)-($G22-BW$1))*(10/$E22)/10)),0),1)*$H22) -> 100 | BW22: =IF(OR($H22=0,BV22=0),0,BV22/$H22) -> 1 | BX22: =IF(OR($F22="",$G22="",$H22=""),0,MIN(MAX(IF($F22>BY$1,0,((($G22-$F22)-($G22-BY$1))*(10/$E22)/10)),0),1)*$H22) -> 100 | BY22: =IF(OR($H22=0,BX22=0),0,BX22/$H22) -> 1 | BZ22: =IF(OR($F22="",$G22="",$H22=""),0,MIN(MAX(IF($F22>CA$1,0,((($G22-$F22)-($G22-CA$1))*(10/$E22)/10)),0),1)*$H22) -> 100 | CA22: =IF(OR($H22=0,BZ22=0),0,BZ22/$H22) -> 1 | CB22: =IF(OR($F22="",$G22="",$H22=""),0,MIN(MAX(IF($F22>CC$1,0,((($G22-$F22)-($G22-CC$1))*(10/$E22)/10)),0),1)*$H22) -> 100 | CC22: =IF(OR($H22=0,CB22=0),0,CB22/$H22) -> 1 | CD22: =IF(OR($F22="",$G22="",$H22=""),0,MIN(MAX(IF($F22>CE$1,0,((($G22-$F22)-($G22-CE$1))*(10/$E22)/10)),0),1)*$H22) -> 100 | CE22: =IF(OR($H22=0,CD22=0),0,CD22/$H22) -> 1 | CF22: =IF(OR($F22="",$G22="",$H22=""),0,MIN(MAX(IF($F22>CG$1,0,((($G22-$F22)-($G22-CG$1))*(10/$E22)/10)),0),1)*$H22) -> 100 | CG22: =IF(OR($H22=0,CF22=0),0,CF22/$H22) -> 1 | CH22: =IF(OR($F22="",$G22="",$H22=""),0,MIN(MAX(IF($F22>CI$1,0,((($G22-$F22)-($G22-CI$1))*(10/$E22)/10)),0),1)*$H22) -> 100 | CI22: =IF(OR($H22=0,CH22=0),0,CH22/$H22) -> 1 | CJ22: =IF(OR($F22="",$G22="",$H22=""),0,MIN(MAX(IF($F22>CK$1,0,((($G22-$F22)-($G22-CK$1))*(10/$E22)/10)),0),1)*$H22) -> 100 | CK22: =IF(OR($H22=0,CJ22=0),0,CJ22/$H22) -> 1 | CL22: =IF(OR($F22="",$G22="",$H22=""),0,MIN(MAX(IF($F22>CM$1,0,((($G22-$F22)-($G22-CM$1))*(10/$E22)/10)),0),1)*$H22) -> 100 | CM22: =IF(OR($H22=0,CL22=0),0,CL22/$H22) -> 1
A23: =A22+1 -> 161 | B23: Concrete Pouring | D23: 20 | E23: 20 | F23: 45292 | G23: 45311 | H23: 100 | I23: 100 | J23: % | K23: =IF(OR(F23="",G23="",H23=""),0,MIN(MAX(IF(F23>$O$1,0,(((G23-F23)-(G23-$O$1))*(10/E23)/10)),0),1)*H23) -> 100 | L23: =D23/$D$16 -> 0.10638298 | M23: =IF(OR(H23=0,K23=0),0,K23/H23) -> 1 | N23: =IF(OR(H23=0,I23=0),0,I23/H23) -> 1 | O23: =N23-M23 -> 0 | T23: =IF(OR($F23="",$G23="",$H23=""),0,MIN(MAX(IF($F23>U$1,0,((($G23-$F23)-($G23-U$1))*(10/$E23)/10)),0),1)*$H23) -> 0 | U23: =IF(OR($H23=0,T23=0),0,T23/$H23) -> 0 | V23: =IF(OR($F23="",$G23="",$H23=""),0,MIN(MAX(IF($F23>W$1,0,((($G23-$F23)-($G23-W$1))*(10/$E23)/10)),0),1)*$H23) -> 0 | W23: =IF(OR($H23=0,V23=0),0,V23/$H23) -> 0 | X23: =IF(OR($F23="",$G23="",$H23=""),0,MIN(MAX(IF($F23>Y$1,0,((($G23-$F23)-($G23-Y$1))*(10/$E23)/10)),0),1)*$H23) -> 0 | Y23: =IF(OR($H23=0,X23=0),0,X23/$H23) -> 0 | Z23: =IF(OR($F23="",$G23="",$H23=""),0,MIN(MAX(IF($F23>AA$1,0,((($G23-$F23)-($G23-AA$1))*(10/$E23)/10)),0),1)*$H23) -> 0 | AA23: =IF(OR($H23=0,Z23=0),0,Z23/$H23) -> 0 | AB23: =IF(OR($F23="",$G23="",$H23=""),0,MIN(MAX(IF($F23>AC$1,0,((($G23-$F23)-($G23-AC$1))*(10/$E23)/10)),0),1)*$H23) -> 0 | AC23: =IF(OR($H23=0,AB23=0),0,AB23/$H23) -> 0 | AD23: =IF(OR($F23="",$G23="",$H23=""),0,MIN(MAX(IF($F23>AE$1,0,((($G23-$F23)-($G23-AE$1))*(10/$E23)/10)),0),1)*$H23) -> 0 | AE23: =IF(OR($H23=0,AD23=0),0,AD23/$H23) -> 0 | AF23: =IF(OR($F23="",$G23="",$H23=""),0,MIN(MAX(IF($F23>AG$1,0,((($G23-$F23)-($G23-AG$1))*(10/$E23)/10)),0),1)*$H23) -> 0 | AG23: =IF(OR($H23=0,AF23=0),0,AF23/$H23) -> 0 | AH23: =IF(OR($F23="",$G23="",$H23=""),0,MIN(MAX(IF($F23>AI$1,0,((($G23-$F23)-($G23-AI$1))*(10/$E23)/10)),0),1)*$H23) -> 0 | AI23: =IF(OR($H23=0,AH23=0),0,AH23/$H23) -> 0 | AJ23: =IF(OR($F23="",$G23="",$H23=""),0,MIN(MAX(IF($F23>AK$1,0,((($G23-$F23)-($G23-AK$1))*(10/$E23)/10)),0),1)*$H23) -> 0 | AK23: =IF(OR($H23=0,AJ23=0),0,AJ23/$H23) -> 0 | AL23: =IF(OR($F23="",$G23="",$H23=""),0,MIN(MAX(IF($F23>AM$1,0,((($G23-$F23)-($G23-AM$1))*(10/$E23)/10)),0),1)*$H23) -> 0 | AM23: =IF(OR($H23=0,AL23=0),0,AL23/$H23) -> 0 | AN23: =IF(OR($F23="",$G23="",$H23=""),0,MIN(MAX(IF($F23>AO$1,0,((($G23-$F23)-($G23-AO$1))*(10/$E23)/10)),0),1)*$H23) -> 0 | AO23: =IF(OR($H23=0,AN23=0),0,AN23/$H23) -> 0 | AP23: =IF(OR($F23="",$G23="",$H23=""),0,MIN(MAX(IF($F23>AQ$1,0,((($G23-$F23)-($G23-AQ$1))*(10/$E23)/10)),0),1)*$H23) -> 20 | AQ23: =IF(OR($H23=0,AP23=0),0,AP23/$H23) -> 0.2 | AR23: =IF(OR($F23="",$G23="",$H23=""),0,MIN(MAX(IF($F23>AS$1,0,((($G23-$F23)-($G23-AS$1))*(10/$E23)/10)),0),1)*$H23) -> 55 | AS23: =IF(OR($H23=0,AR23=0),0,AR23/$H23) -> 0.55 | AT23: =IF(OR($F23="",$G23="",$H23=""),0,MIN(MAX(IF($F23>AU$1,0,((($G23-$F23)-($G23-AU$1))*(10/$E23)/10)),0),1)*$H23) -> 90 | AU23: =IF(OR($H23=0,AT23=0),0,AT23/$H23) -> 0.9 | AV23: =IF(OR($F23="",$G23="",$H23=""),0,MIN(MAX(IF($F23>AW$1,0,((($G23-$F23)-($G23-AW$1))*(10/$E23)/10)),0),1)*$H23) -> 100 | AW23: =IF(OR($H23=0,AV23=0),0,AV23/$H23) -> 1 | AX23: =IF(OR($F23="",$G23="",$H23=""),0,MIN(MAX(IF($F23>AY$1,0,((($G23-$F23)-($G23-AY$1))*(10/$E23)/10)),0),1)*$H23) -> 100 | AY23: =IF(OR($H23=0,AX23=0),0,AX23/$H23) -> 1 | AZ23: =IF(OR($F23="",$G23="",$H23=""),0,MIN(MAX(IF($F23>BA$1,0,((($G23-$F23)-($G23-BA$1))*(10/$E23)/10)),0),1)*$H23) -> 100 | BA23: =IF(OR($H23=0,AZ23=0),0,AZ23/$H23) -> 1 | BB23: =IF(OR($F23="",$G23="",$H23=""),0,MIN(MAX(IF($F23>BC$1,0,((($G23-$F23)-($G23-BC$1))*(10/$E23)/10)),0),1)*$H23) -> 100 | BC23: =IF(OR($H23=0,BB23=0),0,BB23/$H23) -> 1 | BD23: =IF(OR($F23="",$G23="",$H23=""),0,MIN(MAX(IF($F23>BE$1,0,((($G23-$F23)-($G23-BE$1))*(10/$E23)/10)),0),1)*$H23) -> 100 | BE23: =IF(OR($H23=0,BD23=0),0,BD23/$H23) -> 1 | BF23: =IF(OR($F23="",$G23="",$H23=""),0,MIN(MAX(IF($F23>BG$1,0,((($G23-$F23)-($G23-BG$1))*(10/$E23)/10)),0),1)*$H23) -> 100 | BG23: =IF(OR($H23=0,BF23=0),0,BF23/$H23) -> 1 | BH23: =IF(OR($F23="",$G23="",$H23=""),0,MIN(MAX(IF($F23>BI$1,0,((($G23-$F23)-($G23-BI$1))*(10/$E23)/10)),0),1)*$H23) -> 100 | BI23: =IF(OR($H23=0,BH23=0),0,BH23/$H23) -> 1 | BJ23: =IF(OR($F23="",$G23="",$H23=""),0,MIN(MAX(IF($F23>BK$1,0,((($G23-$F23)-($G23-BK$1))*(10/$E23)/10)),0),1)*$H23) -> 100 | BK23: =IF(OR($H23=0,BJ23=0),0,BJ23/$H23) -> 1 | BL23: =IF(OR($F23="",$G23="",$H23=""),0,MIN(MAX(IF($F23>BM$1,0,((($G23-$F23)-($G23-BM$1))*(10/$E23)/10)),0),1)*$H23) -> 100 | BM23: =IF(OR($H23=0,BL23=0),0,BL23/$H23) -> 1 | BN23: =IF(OR($F23="",$G23="",$H23=""),0,MIN(MAX(IF($F23>BO$1,0,((($G23-$F23)-($G23-BO$1))*(10/$E23)/10)),0),1)*$H23) -> 100 | BO23: =IF(OR($H23=0,BN23=0),0,BN23/$H23) -> 1 | BP23: =IF(OR($F23="",$G23="",$H23=""),0,MIN(MAX(IF($F23>BQ$1,0,((($G23-$F23)-($G23-BQ$1))*(10/$E23)/10)),0),1)*$H23) -> 100 | BQ23: =IF(OR($H23=0,BP23=0),0,BP23/$H23) -> 1 | BR23: =IF(OR($F23="",$G23="",$H23=""),0,MIN(MAX(IF($F23>BS$1,0,((($G23-$F23)-($G23-BS$1))*(10/$E23)/10)),0),1)*$H23) -> 100 | BS23: =IF(OR($H23=0,BR23=0),0,BR23/$H23) -> 1 | BT23: =IF(OR($F23="",$G23="",$H23=""),0,MIN(MAX(IF($F23>BU$1,0,((($G23-$F23)-($G23-BU$1))*(10/$E23)/10)),0),1)*$H23) -> 100 | BU23: =IF(OR($H23=0,BT23=0),0,BT23/$H23) -> 1 | BV23: =IF(OR($F23="",$G23="",$H23=""),0,MIN(MAX(IF($F23>BW$1,0,((($G23-$F23)-($G23-BW$1))*(10/$E23)/10)),0),1)*$H23) -> 100 | BW23: =IF(OR($H23=0,BV23=0),0,BV23/$H23) -> 1 | BX23: =IF(OR($F23="",$G23="",$H23=""),0,MIN(MAX(IF($F23>BY$1,0,((($G23-$F23)-($G23-BY$1))*(10/$E23)/10)),0),1)*$H23) -> 100 | BY23: =IF(OR($H23=0,BX23=0),0,BX23/$H23) -> 1 | BZ23: =IF(OR($F23="",$G23="",$H23=""),0,MIN(MAX(IF($F23>CA$1,0,((($G23-$F23)-($G23-CA$1))*(10/$E23)/10)),0),1)*$H23) -> 100 | CA23: =IF(OR($H23=0,BZ23=0),0,BZ23/$H23) -> 1 | CB23: =IF(OR($F23="",$G23="",$H23=""),0,MIN(MAX(IF($F23>CC$1,0,((($G23-$F23)-($G23-CC$1))*(10/$E23)/10)),0),1)*$H23) -> 100 | CC23: =IF(OR($H23=0,CB23=0),0,CB23/$H23) -> 1 | CD23: =IF(OR($F23="",$G23="",$H23=""),0,MIN(MAX(IF($F23>CE$1,0,((($G23-$F23)-($G23-CE$1))*(10/$E23)/10)),0),1)*$H23) -> 100 | CE23: =IF(OR($H23=0,CD23=0),0,CD23/$H23) -> 1 | CF23: =IF(OR($F23="",$G23="",$H23=""),0,MIN(MAX(IF($F23>CG$1,0,((($G23-$F23)-($G23-CG$1))*(10/$E23)/10)),0),1)*$H23) -> 100 | CG23: =IF(OR($H23=0,CF23=0),0,CF23/$H23) -> 1 | CH23: =IF(OR($F23="",$G23="",$H23=""),0,MIN(MAX(IF($F23>CI$1,0,((($G23-$F23)-($G23-CI$1))*(10/$E23)/10)),0),1)*$H23) -> 100 | CI23: =IF(OR($H23=0,CH23=0),0,CH23/$H23) -> 1 | CJ23: =IF(OR($F23="",$G23="",$H23=""),0,MIN(MAX(IF($F23>CK$1,0,((($G23-$F23)-($G23-CK$1))*(10/$E23)/10)),0),1)*$H23) -> 100 | CK23: =IF(OR($H23=0,CJ23=0),0,CJ23/$H23) -> 1 | CL23: =IF(OR($F23="",$G23="",$H23=""),0,MIN(MAX(IF($F23>CM$1,0,((($G23-$F23)-($G23-CM$1))*(10/$E23)/10)),0),1)*$H23) -> 100 | CM23: =IF(OR($H23=0,CL23=0),0,CL23/$H23) -> 1
A24: =A23+1 -> 162 | B24: Formwork Dismantling | D24: 21 | E24: 21 | F24: 45295 | G24: 45315 | H24: 100 | I24: 100 | J24: % | K24: =IF(OR(F24="",G24="",H24=""),0,MIN(MAX(IF(F24>$O$1,0,(((G24-F24)-(G24-$O$1))*(10/E24)/10)),0),1)*H24) -> 100 | L24: =D24/$D$16 -> 0.11170213 | M24: =IF(OR(H24=0,K24=0),0,K24/H24) -> 1 | N24: =IF(OR(H24=0,I24=0),0,I24/H24) -> 1 | O24: =N24-M24 -> 0 | T24: =IF(OR($F24="",$G24="",$H24=""),0,MIN(MAX(IF($F24>U$1,0,((($G24-$F24)-($G24-U$1))*(10/$E24)/10)),0),1)*$H24) -> 0 | U24: =IF(OR($H24=0,T24=0),0,T24/$H24) -> 0 | V24: =IF(OR($F24="",$G24="",$H24=""),0,MIN(MAX(IF($F24>W$1,0,((($G24-$F24)-($G24-W$1))*(10/$E24)/10)),0),1)*$H24) -> 0 | W24: =IF(OR($H24=0,V24=0),0,V24/$H24) -> 0 | X24: =IF(OR($F24="",$G24="",$H24=""),0,MIN(MAX(IF($F24>Y$1,0,((($G24-$F24)-($G24-Y$1))*(10/$E24)/10)),0),1)*$H24) -> 0 | Y24: =IF(OR($H24=0,X24=0),0,X24/$H24) -> 0 | Z24: =IF(OR($F24="",$G24="",$H24=""),0,MIN(MAX(IF($F24>AA$1,0,((($G24-$F24)-($G24-AA$1))*(10/$E24)/10)),0),1)*$H24) -> 0 | AA24: =IF(OR($H24=0,Z24=0),0,Z24/$H24) -> 0 | AB24: =IF(OR($F24="",$G24="",$H24=""),0,MIN(MAX(IF($F24>AC$1,0,((($G24-$F24)-($G24-AC$1))*(10/$E24)/10)),0),1)*$H24) -> 0 | AC24: =IF(OR($H24=0,AB24=0),0,AB24/$H24) -> 0 | AD24: =IF(OR($F24="",$G24="",$H24=""),0,MIN(MAX(IF($F24>AE$1,0,((($G24-$F24)-($G24-AE$1))*(10/$E24)/10)),0),1)*$H24) -> 0 | AE24: =IF(OR($H24=0,AD24=0),0,AD24/$H24) -> 0 | AF24: =IF(OR($F24="",$G24="",$H24=""),0,MIN(MAX(IF($F24>AG$1,0,((($G24-$F24)-($G24-AG$1))*(10/$E24)/10)),0),1)*$H24) -> 0 | AG24: =IF(OR($H24=0,AF24=0),0,AF24/$H24) -> 0 | AH24: =IF(OR($F24="",$G24="",$H24=""),0,MIN(MAX(IF($F24>AI$1,0,((($G24-$F24)-($G24-AI$1))*(10/$E24)/10)),0),1)*$H24) -> 0 | AI24: =IF(OR($H24=0,AH24=0),0,AH24/$H24) -> 0 | AJ24: =IF(OR($F24="",$G24="",$H24=""),0,MIN(MAX(IF($F24>AK$1,0,((($G24-$F24)-($G24-AK$1))*(10/$E24)/10)),0),1)*$H24) -> 0 | AK24: =IF(OR($H24=0,AJ24=0),0,AJ24/$H24) -> 0 | AL24: =IF(OR($F24="",$G24="",$H24=""),0,MIN(MAX(IF($F24>AM$1,0,((($G24-$F24)-($G24-AM$1))*(10/$E24)/10)),0),1)*$H24) -> 0 | AM24: =IF(OR($H24=0,AL24=0),0,AL24/$H24) -> 0 | AN24: =IF(OR($F24="",$G24="",$H24=""),0,MIN(MAX(IF($F24>AO$1,0,((($G24-$F24)-($G24-AO$1))*(10/$E24)/10)),0),1)*$H24) -> 0 | AO24: =IF(OR($H24=0,AN24=0),0,AN24/$H24) -> 0 | AP24: =IF(OR($F24="",$G24="",$H24=""),0,MIN(MAX(IF($F24>AQ$1,0,((($G24-$F24)-($G24-AQ$1))*(10/$E24)/10)),0),1)*$H24) -> 4.7619048 | AQ24: =IF(OR($H24=0,AP24=0),0,AP24/$H24) -> 0.047619048 | AR24: =IF(OR($F24="",$G24="",$H24=""),0,MIN(MAX(IF($F24>AS$1,0,((($G24-$F24)-($G24-AS$1))*(10/$E24)/10)),0),1)*$H24) -> 38.095238 | AS24: =IF(OR($H24=0,AR24=0),0,AR24/$H24) -> 0.38095238 | AT24: =IF(OR($F24="",$G24="",$H24=""),0,MIN(MAX(IF($F24>AU$1,0,((($G24-$F24)-($G24-AU$1))*(10/$E24)/10)),0),1)*$H24) -> 71.428571 | AU24: =IF(OR($H24=0,AT24=0),0,AT24/$H24) -> 0.71428571 | AV24: =IF(OR($F24="",$G24="",$H24=""),0,MIN(MAX(IF($F24>AW$1,0,((($G24-$F24)-($G24-AW$1))*(10/$E24)/10)),0),1)*$H24) -> 100 | AW24: =IF(OR($H24=0,AV24=0),0,AV24/$H24) -> 1 | AX24: =IF(OR($F24="",$G24="",$H24=""),0,MIN(MAX(IF($F24>AY$1,0,((($G24-$F24)-($G24-AY$1))*(10/$E24)/10)),0),1)*$H24) -> 100 | AY24: =IF(OR($H24=0,AX24=0),0,AX24/$H24) -> 1 | AZ24: =IF(OR($F24="",$G24="",$H24=""),0,MIN(MAX(IF($F24>BA$1,0,((($G24-$F24)-($G24-BA$1))*(10/$E24)/10)),0),1)*$H24) -> 100 | BA24: =IF(OR($H24=0,AZ24=0),0,AZ24/$H24) -> 1 | BB24: =IF(OR($F24="",$G24="",$H24=""),0,MIN(MAX(IF($F24>BC$1,0,((($G24-$F24)-($G24-BC$1))*(10/$E24)/10)),0),1)*$H24) -> 100 | BC24: =IF(OR($H24=0,BB24=0),0,BB24/$H24) -> 1 | BD24: =IF(OR($F24="",$G24="",$H24=""),0,MIN(MAX(IF($F24>BE$1,0,((($G24-$F24)-($G24-BE$1))*(10/$E24)/10)),0),1)*$H24) -> 100 | BE24: =IF(OR($H24=0,BD24=0),0,BD24/$H24) -> 1 | BF24: =IF(OR($F24="",$G24="",$H24=""),0,MIN(MAX(IF($F24>BG$1,0,((($G24-$F24)-($G24-BG$1))*(10/$E24)/10)),0),1)*$H24) -> 100 | BG24: =IF(OR($H24=0,BF24=0),0,BF24/$H24) -> 1 | BH24: =IF(OR($F24="",$G24="",$H24=""),0,MIN(MAX(IF($F24>BI$1,0,((($G24-$F24)-($G24-BI$1))*(10/$E24)/10)),0),1)*$H24) -> 100 | BI24: =IF(OR($H24=0,BH24=0),0,BH24/$H24) -> 1 | BJ24: =IF(OR($F24="",$G24="",$H24=""),0,MIN(MAX(IF($F24>BK$1,0,((($G24-$F24)-($G24-BK$1))*(10/$E24)/10)),0),1)*$H24) -> 100 | BK24: =IF(OR($H24=0,BJ24=0),0,BJ24/$H24) -> 1 | BL24: =IF(OR($F24="",$G24="",$H24=""),0,MIN(MAX(IF($F24>BM$1,0,((($G24-$F24)-($G24-BM$1))*(10/$E24)/10)),0),1)*$H24) -> 100 | BM24: =IF(OR($H24=0,BL24=0),0,BL24/$H24) -> 1 | BN24: =IF(OR($F24="",$G24="",$H24=""),0,MIN(MAX(IF($F24>BO$1,0,((($G24-$F24)-($G24-BO$1))*(10/$E24)/10)),0),1)*$H24) -> 100 | BO24: =IF(OR($H24=0,BN24=0),0,BN24/$H24) -> 1 | BP24: =IF(OR($F24="",$G24="",$H24=""),0,MIN(MAX(IF($F24>BQ$1,0,((($G24-$F24)-($G24-BQ$1))*(10/$E24)/10)),0),1)*$H24) -> 100 | BQ24: =IF(OR($H24=0,BP24=0),0,BP24/$H24) -> 1 | BR24: =IF(OR($F24="",$G24="",$H24=""),0,MIN(MAX(IF($F24>BS$1,0,((($G24-$F24)-($G24-BS$1))*(10/$E24)/10)),0),1)*$H24) -> 100 | BS24: =IF(OR($H24=0,BR24=0),0,BR24/$H24) -> 1 | BT24: =IF(OR($F24="",$G24="",$H24=""),0,MIN(MAX(IF($F24>BU$1,0,((($G24-$F24)-($G24-BU$1))*(10/$E24)/10)),0),1)*$H24) -> 100 | BU24: =IF(OR($H24=0,BT24=0),0,BT24/$H24) -> 1 | BV24: =IF(OR($F24="",$G24="",$H24=""),0,MIN(MAX(IF($F24>BW$1,0,((($G24-$F24)-($G24-BW$1))*(10/$E24)/10)),0),1)*$H24) -> 100 | BW24: =IF(OR($H24=0,BV24=0),0,BV24/$H24) -> 1 | BX24: =IF(OR($F24="",$G24="",$H24=""),0,MIN(MAX(IF($F24>BY$1,0,((($G24-$F24)-($G24-BY$1))*(10/$E24)/10)),0),1)*$H24) -> 100 | BY24: =IF(OR($H24=0,BX24=0),0,BX24/$H24) -> 1 | BZ24: =IF(OR($F24="",$G24="",$H24=""),0,MIN(MAX(IF($F24>CA$1,0,((($G24-$F24)-($G24-CA$1))*(10/$E24)/10)),0),1)*$H24) -> 100 | CA24: =IF(OR($H24=0,BZ24=0),0,BZ24/$H24) -> 1 | CB24: =IF(OR($F24="",$G24="",$H24=""),0,MIN(MAX(IF($F24>CC$1,0,((($G24-$F24)-($G24-CC$1))*(10/$E24)/10)),0),1)*$H24) -> 100 | CC24: =IF(OR($H24=0,CB24=0),0,CB24/$H24) -> 1 | CD24: =IF(OR($F24="",$G24="",$H24=""),0,MIN(MAX(IF($F24>CE$1,0,((($G24-$F24)-($G24-CE$1))*(10/$E24)/10)),0),1)*$H24) -> 100 | CE24: =IF(OR($H24=0,CD24=0),0,CD24/$H24) -> 1 | CF24: =IF(OR($F24="",$G24="",$H24=""),0,MIN(MAX(IF($F24>CG$1,0,((($G24-$F24)-($G24-CG$1))*(10/$E24)/10)),0),1)*$H24) -> 100 | CG24: =IF(OR($H24=0,CF24=0),0,CF24/$H24) -> 1 | CH24: =IF(OR($F24="",$G24="",$H24=""),0,MIN(MAX(IF($F24>CI$1,0,((($G24-$F24)-($G24-CI$1))*(10/$E24)/10)),0),1)*$H24) -> 100 | CI24: =IF(OR($H24=0,CH24=0),0,CH24/$H24) -> 1 | CJ24: =IF(OR($F24="",$G24="",$H24=""),0,MIN(MAX(IF($F24>CK$1,0,((($G24-$F24)-($G24-CK$1))*(10/$E24)/10)),0),1)*$H24) -> 100 | CK24: =IF(OR($H24=0,CJ24=0),0,CJ24/$H24) -> 1 | CL24: =IF(OR($F24="",$G24="",$H24=""),0,MIN(MAX(IF($F24>CM$1,0,((($G24-$F24)-($G24-CM$1))*(10/$E24)/10)),0),1)*$H24) -> 100 | CM24: =IF(OR($H24=0,CL24=0),0,CL24/$H24) -> 1
A25: =A24+1 -> 163 | B25: Backfill with compaction | D25: 21 | E25: 21 | F25: 45296 | G25: 45316 | H25: 100 | I25: 100 | J25: % | K25: =IF(OR(F25="",G25="",H25=""),0,MIN(MAX(IF(F25>$O$1,0,(((G25-F25)-(G25-$O$1))*(10/E25)/10)),0),1)*H25) -> 100 | L25: =D25/$D$16 -> 0.11170213 | M25: =IF(OR(H25=0,K25=0),0,K25/H25) -> 1 | N25: =IF(OR(H25=0,I25=0),0,I25/H25) -> 1 | O25: =N25-M25 -> 0 | T25: =IF(OR($F25="",$G25="",$H25=""),0,MIN(MAX(IF($F25>U$1,0,((($G25-$F25)-($G25-U$1))*(10/$E25)/10)),0),1)*$H25) -> 0 | U25: =IF(OR($H25=0,T25=0),0,T25/$H25) -> 0 | V25: =IF(OR($F25="",$G25="",$H25=""),0,MIN(MAX(IF($F25>W$1,0,((($G25-$F25)-($G25-W$1))*(10/$E25)/10)),0),1)*$H25) -> 0 | W25: =IF(OR($H25=0,V25=0),0,V25/$H25) -> 0 | X25: =IF(OR($F25="",$G25="",$H25=""),0,MIN(MAX(IF($F25>Y$1,0,((($G25-$F25)-($G25-Y$1))*(10/$E25)/10)),0),1)*$H25) -> 0 | Y25: =IF(OR($H25=0,X25=0),0,X25/$H25) -> 0 | Z25: =IF(OR($F25="",$G25="",$H25=""),0,MIN(MAX(IF($F25>AA$1,0,((($G25-$F25)-($G25-AA$1))*(10/$E25)/10)),0),1)*$H25) -> 0 | AA25: =IF(OR($H25=0,Z25=0),0,Z25/$H25) -> 0 | AB25: =IF(OR($F25="",$G25="",$H25=""),0,MIN(MAX(IF($F25>AC$1,0,((($G25-$F25)-($G25-AC$1))*(10/$E25)/10)),0),1)*$H25) -> 0 | AC25: =IF(OR($H25=0,AB25=0),0,AB25/$H25) -> 0 | AD25: =IF(OR($F25="",$G25="",$H25=""),0,MIN(MAX(IF($F25>AE$1,0,((($G25-$F25)-($G25-AE$1))*(10/$E25)/10)),0),1)*$H25) -> 0 | AE25: =IF(OR($H25=0,AD25=0),0,AD25/$H25) -> 0 | AF25: =IF(OR($F25="",$G25="",$H25=""),0,MIN(MAX(IF($F25>AG$1,0,((($G25-$F25)-($G25-AG$1))*(10/$E25)/10)),0),1)*$H25) -> 0 | AG25: =IF(OR($H25=0,AF25=0),0,AF25/$H25) -> 0 | AH25: =IF(OR($F25="",$G25="",$H25=""),0,MIN(MAX(IF($F25>AI$1,0,((($G25-$F25)-($G25-AI$1))*(10/$E25)/10)),0),1)*$H25) -> 0 | AI25: =IF(OR($H25=0,AH25=0),0,AH25/$H25) -> 0 | AJ25: =IF(OR($F25="",$G25="",$H25=""),0,MIN(MAX(IF($F25>AK$1,0,((($G25-$F25)-($G25-AK$1))*(10/$E25)/10)),0),1)*$H25) -> 0 | AK25: =IF(OR($H25=0,AJ25=0),0,AJ25/$H25) -> 0 | AL25: =IF(OR($F25="",$G25="",$H25=""),0,MIN(MAX(IF($F25>AM$1,0,((($G25-$F25)-($G25-AM$1))*(10/$E25)/10)),0),1)*$H25) -> 0 | AM25: =IF(OR($H25=0,AL25=0),0,AL25/$H25) -> 0 | AN25: =IF(OR($F25="",$G25="",$H25=""),0,MIN(MAX(IF($F25>AO$1,0,((($G25-$F25)-($G25-AO$1))*(10/$E25)/10)),0),1)*$H25) -> 0 | AO25: =IF(OR($H25=0,AN25=0),0,AN25/$H25) -> 0 | AP25: =IF(OR($F25="",$G25="",$H25=""),0,MIN(MAX(IF($F25>AQ$1,0,((($G25-$F25)-($G25-AQ$1))*(10/$E25)/10)),0),1)*$H25) -> 0 | AQ25: =IF(OR($H25=0,AP25=0),0,AP25/$H25) -> 0 | AR25: =IF(OR($F25="",$G25="",$H25=""),0,MIN(MAX(IF($F25>AS$1,0,((($G25-$F25)-($G25-AS$1))*(10/$E25)/10)),0),1)*$H25) -> 33.333333 | AS25: =IF(OR($H25=0,AR25=0),0,AR25/$H25) -> 0.33333333 | AT25: =IF(OR($F25="",$G25="",$H25=""),0,MIN(MAX(IF($F25>AU$1,0,((($G25-$F25)-($G25-AU$1))*(10/$E25)/10)),0),1)*$H25) -> 66.666667 | AU25: =IF(OR($H25=0,AT25=0),0,AT25/$H25) -> 0.66666667 | AV25: =IF(OR($F25="",$G25="",$H25=""),0,MIN(MAX(IF($F25>AW$1,0,((($G25-$F25)-($G25-AW$1))*(10/$E25)/10)),0),1)*$H25) -> 100 | AW25: =IF(OR($H25=0,AV25=0),0,AV25/$H25) -> 1 | AX25: =IF(OR($F25="",$G25="",$H25=""),0,MIN(MAX(IF($F25>AY$1,0,((($G25-$F25)-($G25-AY$1))*(10/$E25)/10)),0),1)*$H25) -> 100 | AY25: =IF(OR($H25=0,AX25=0),0,AX25/$H25) -> 1 | AZ25: =IF(OR($F25="",$G25="",$H25=""),0,MIN(MAX(IF($F25>BA$1,0,((($G25-$F25)-($G25-BA$1))*(10/$E25)/10)),0),1)*$H25) -> 100 | BA25: =IF(OR($H25=0,AZ25=0),0,AZ25/$H25) -> 1 | BB25: =IF(OR($F25="",$G25="",$H25=""),0,MIN(MAX(IF($F25>BC$1,0,((($G25-$F25)-($G25-BC$1))*(10/$E25)/10)),0),1)*$H25) -> 100 | BC25: =IF(OR($H25=0,BB25=0),0,BB25/$H25) -> 1 | BD25: =IF(OR($F25="",$G25="",$H25=""),0,MIN(MAX(IF($F25>BE$1,0,((($G25-$F25)-($G25-BE$1))*(10/$E25)/10)),0),1)*$H25) -> 100 | BE25: =IF(OR($H25=0,BD25=0),0,BD25/$H25) -> 1 | BF25: =IF(OR($F25="",$G25="",$H25=""),0,MIN(MAX(IF($F25>BG$1,0,((($G25-$F25)-($G25-BG$1))*(10/$E25)/10)),0),1)*$H25) -> 100 | BG25: =IF(OR($H25=0,BF25=0),0,BF25/$H25) -> 1 | BH25: =IF(OR($F25="",$G25="",$H25=""),0,MIN(MAX(IF($F25>BI$1,0,((($G25-$F25)-($G25-BI$1))*(10/$E25)/10)),0),1)*$H25) -> 100 | BI25: =IF(OR($H25=0,BH25=0),0,BH25/$H25) -> 1 | BJ25: =IF(OR($F25="",$G25="",$H25=""),0,MIN(MAX(IF($F25>BK$1,0,((($G25-$F25)-($G25-BK$1))*(10/$E25)/10)),0),1)*$H25) -> 100 | BK25: =IF(OR($H25=0,BJ25=0),0,BJ25/$H25) -> 1 | BL25: =IF(OR($F25="",$G25="",$H25=""),0,MIN(MAX(IF($F25>BM$1,0,((($G25-$F25)-($G25-BM$1))*(10/$E25)/10)),0),1)*$H25) -> 100 | BM25: =IF(OR($H25=0,BL25=0),0,BL25/$H25) -> 1 | BN25: =IF(OR($F25="",$G25="",$H25=""),0,MIN(MAX(IF($F25>BO$1,0,((($G25-$F25)-($G25-BO$1))*(10/$E25)/10)),0),1)*$H25) -> 100 | BO25: =IF(OR($H25=0,BN25=0),0,BN25/$H25) -> 1 | BP25: =IF(OR($F25="",$G25="",$H25=""),0,MIN(MAX(IF($F25>BQ$1,0,((($G25-$F25)-($G25-BQ$1))*(10/$E25)/10)),0),1)*$H25) -> 100 | BQ25: =IF(OR($H25=0,BP25=0),0,BP25/$H25) -> 1 | BR25: =IF(OR($F25="",$G25="",$H25=""),0,MIN(MAX(IF($F25>BS$1,0,((($G25-$F25)-($G25-BS$1))*(10/$E25)/10)),0),1)*$H25) -> 100 | BS25: =IF(OR($H25=0,BR25=0),0,BR25/$H25) -> 1 | BT25: =IF(OR($F25="",$G25="",$H25=""),0,MIN(MAX(IF($F25>BU$1,0,((($G25-$F25)-($G25-BU$1))*(10/$E25)/10)),0),1)*$H25) -> 100 | BU25: =IF(OR($H25=0,BT25=0),0,BT25/$H25) -> 1 | BV25: =IF(OR($F25="",$G25="",$H25=""),0,MIN(MAX(IF($F25>BW$1,0,((($G25-$F25)-($G25-BW$1))*(10/$E25)/10)),0),1)*$H25) -> 100 | BW25: =IF(OR($H25=0,BV25=0),0,BV25/$H25) -> 1 | BX25: =IF(OR($F25="",$G25="",$H25=""),0,MIN(MAX(IF($F25>BY$1,0,((($G25-$F25)-($G25-BY$1))*(10/$E25)/10)),0),1)*$H25) -> 100 | BY25: =IF(OR($H25=0,BX25=0),0,BX25/$H25) -> 1 | BZ25: =IF(OR($F25="",$G25="",$H25=""),0,MIN(MAX(IF($F25>CA$1,0,((($G25-$F25)-($G25-CA$1))*(10/$E25)/10)),0),1)*$H25) -> 100 | CA25: =IF(OR($H25=0,BZ25=0),0,BZ25/$H25) -> 1 | CB25: =IF(OR($F25="",$G25="",$H25=""),0,MIN(MAX(IF($F25>CC$1,0,((($G25-$F25)-($G25-CC$1))*(10/$E25)/10)),0),1)*$H25) -> 100 | CC25: =IF(OR($H25=0,CB25=0),0,CB25/$H25) -> 1 | CD25: =IF(OR($F25="",$G25="",$H25=""),0,MIN(MAX(IF($F25>CE$1,0,((($G25-$F25)-($G25-CE$1))*(10/$E25)/10)),0),1)*$H25) -> 100 | CE25: =IF(OR($H25=0,CD25=0),0,CD25/$H25) -> 1 | CF25: =IF(OR($F25="",$G25="",$H25=""),0,MIN(MAX(IF($F25>CG$1,0,((($G25-$F25)-($G25-CG$1))*(10/$E25)/10)),0),1)*$H25) -> 100 | CG25: =IF(OR($H25=0,CF25=0),0,CF25/$H25) -> 1 | CH25: =IF(OR($F25="",$G25="",$H25=""),0,MIN(MAX(IF($F25>CI$1,0,((($G25-$F25)-($G25-CI$1))*(10/$E25)/10)),0),1)*$H25) -> 100 | CI25: =IF(OR($H25=0,CH25=0),0,CH25/$H25) -> 1 | CJ25: =IF(OR($F25="",$G25="",$H25=""),0,MIN(MAX(IF($F25>CK$1,0,((($G25-$F25)-($G25-CK$1))*(10/$E25)/10)),0),1)*$H25) -> 100 | CK25: =IF(OR($H25=0,CJ25=0),0,CJ25/$H25) -> 1 | CL25: =IF(OR($F25="",$G25="",$H25=""),0,MIN(MAX(IF($F25>CM$1,0,((($G25-$F25)-($G25-CM$1))*(10/$E25)/10)),0),1)*$H25) -> 100 | CM25: =IF(OR($H25=0,CL25=0),0,CL25/$H25) -> 1
A26: =A25+1 -> 164 | B26: Completion of Pile Cap | D26: 0 | E26: 1 | F26: 45316 | G26: 45316 | H26: 100 | I26: 100 | J26: % | K26: =IF(OR(F26="",G26="",H26=""),0,MIN(MAX(IF(F26>$O$1,0,(((G26-F26)-(G26-$O$1))*(10/E26)/10)),0),1)*H26) -> 100 | L26: =D26/$D$16 -> 0 | M26: =IF(OR(H26=0,K26=0),0,K26/H26) -> 1 | N26: =IF(OR(H26=0,I26=0),0,I26/H26) -> 1 | O26: =N26-M26 -> 0 | T26: =IF(OR($F26="",$G26="",$H26=""),0,MIN(MAX(IF($F26>U$1,0,((($G26-$F26)-($G26-U$1))*(10/$E26)/10)),0),1)*$H26) -> 0 | U26: =IF(OR($H26=0,T26=0),0,T26/$H26) -> 0 | V26: =IF(OR($F26="",$G26="",$H26=""),0,MIN(MAX(IF($F26>W$1,0,((($G26-$F26)-($G26-W$1))*(10/$E26)/10)),0),1)*$H26) -> 0 | W26: =IF(OR($H26=0,V26=0),0,V26/$H26) -> 0 | X26: =IF(OR($F26="",$G26="",$H26=""),0,MIN(MAX(IF($F26>Y$1,0,((($G26-$F26)-($G26-Y$1))*(10/$E26)/10)),0),1)*$H26) -> 0 | Y26: =IF(OR($H26=0,X26=0),0,X26/$H26) -> 0 | Z26: =IF(OR($F26="",$G26="",$H26=""),0,MIN(MAX(IF($F26>AA$1,0,((($G26-$F26)-($G26-AA$1))*(10/$E26)/10)),0),1)*$H26) -> 0 | AA26: =IF(OR($H26=0,Z26=0),0,Z26/$H26) -> 0 | AB26: =IF(OR($F26="",$G26="",$H26=""),0,MIN(MAX(IF($F26>AC$1,0,((($G26-$F26)-($G26-AC$1))*(10/$E26)/10)),0),1)*$H26) -> 0 | AC26: =IF(OR($H26=0,AB26=0),0,AB26/$H26) -> 0 | AD26: =IF(OR($F26="",$G26="",$H26=""),0,MIN(MAX(IF($F26>AE$1,0,((($G26-$F26)-($G26-AE$1))*(10/$E26)/10)),0),1)*$H26) -> 0 | AE26: =IF(OR($H26=0,AD26=0),0,AD26/$H26) -> 0 | AF26: =IF(OR($F26="",$G26="",$H26=""),0,MIN(MAX(IF($F26>AG$1,0,((($G26-$F26)-($G26-AG$1))*(10/$E26)/10)),0),1)*$H26) -> 0 | AG26: =IF(OR($H26=0,AF26=0),0,AF26/$H26) -> 0 | AH26: =IF(OR($F26="",$G26="",$H26=""),0,MIN(MAX(IF($F26>AI$1,0,((($G26-$F26)-($G26-AI$1))*(10/$E26)/10)),0),1)*$H26) -> 0 | AI26: =IF(OR($H26=0,AH26=0),0,AH26/$H26) -> 0 | AJ26: =IF(OR($F26="",$G26="",$H26=""),0,MIN(MAX(IF($F26>AK$1,0,((($G26-$F26)-($G26-AK$1))*(10/$E26)/10)),0),1)*$H26) -> 0 | AK26: =IF(OR($H26=0,AJ26=0),0,AJ26/$H26) -> 0 | AL26: =IF(OR($F26="",$G26="",$H26=""),0,MIN(MAX(IF($F26>AM$1,0,((($G26-$F26)-($G26-AM$1))*(10/$E26)/10)),0),1)*$H26) -> 0 | AM26: =IF(OR($H26=0,AL26=0),0,AL26/$H26) -> 0 | AN26: =IF(OR($F26="",$G26="",$H26=""),0,MIN(MAX(IF($F26>AO$1,0,((($G26-$F26)-($G26-AO$1))*(10/$E26)/10)),0),1)*$H26) -> 0 | AO26: =IF(OR($H26=0,AN26=0),0,AN26/$H26) -> 0 | AP26: =IF(OR($F26="",$G26="",$H26=""),0,MIN(MAX(IF($F26>AQ$1,0,((($G26-$F26)-($G26-AQ$1))*(10/$E26)/10)),0),1)*$H26) -> 0 | AQ26: =IF(OR($H26=0,AP26=0),0,AP26/$H26) -> 0 | AR26: =IF(OR($F26="",$G26="",$H26=""),0,MIN(MAX(IF($F26>AS$1,0,((($G26-$F26)-($G26-AS$1))*(10/$E26)/10)),0),1)*$H26) -> 0 | AS26: =IF(OR($H26=0,AR26=0),0,AR26/$H26) -> 0 | AT26: =IF(OR($F26="",$G26="",$H26=""),0,MIN(MAX(IF($F26>AU$1,0,((($G26-$F26)-($G26-AU$1))*(10/$E26)/10)),0),1)*$H26) -> 0 | AU26: =IF(OR($H26=0,AT26=0),0,AT26/$H26) -> 0 | AV26: =IF(OR($F26="",$G26="",$H26=""),0,MIN(MAX(IF($F26>AW$1,0,((($G26-$F26)-($G26-AW$1))*(10/$E26)/10)),0),1)*$H26) -> 100 | AW26: =IF(OR($H26=0,AV26=0),0,AV26/$H26) -> 1 | AX26: =IF(OR($F26="",$G26="",$H26=""),0,MIN(MAX(IF($F26>AY$1,0,((($G26-$F26)-($G26-AY$1))*(10/$E26)/10)),0),1)*$H26) -> 100 | AY26: =IF(OR($H26=0,AX26=0),0,AX26/$H26) -> 1 | AZ26: =IF(OR($F26="",$G26="",$H26=""),0,MIN(MAX(IF($F26>BA$1,0,((($G26-$F26)-($G26-BA$1))*(10/$E26)/10)),0),1)*$H26) -> 100 | BA26: =IF(OR($H26=0,AZ26=0),0,AZ26/$H26) -> 1 | BB26: =IF(OR($F26="",$G26="",$H26=""),0,MIN(MAX(IF($F26>BC$1,0,((($G26-$F26)-($G26-BC$1))*(10/$E26)/10)),0),1)*$H26) -> 100 | BC26: =IF(OR($H26=0,BB26=0),0,BB26/$H26) -> 1 | BD26: =IF(OR($F26="",$G26="",$H26=""),0,MIN(MAX(IF($F26>BE$1,0,((($G26-$F26)-($G26-BE$1))*(10/$E26)/10)),0),1)*$H26) -> 100 | BE26: =IF(OR($H26=0,BD26=0),0,BD26/$H26) -> 1 | BF26: =IF(OR($F26="",$G26="",$H26=""),0,MIN(MAX(IF($F26>BG$1,0,((($G26-$F26)-($G26-BG$1))*(10/$E26)/10)),0),1)*$H26) -> 100 | BG26: =IF(OR($H26=0,BF26=0),0,BF26/$H26) -> 1 | BH26: =IF(OR($F26="",$G26="",$H26=""),0,MIN(MAX(IF($F26>BI$1,0,((($G26-$F26)-($G26-BI$1))*(10/$E26)/10)),0),1)*$H26) -> 100 | BI26: =IF(OR($H26=0,BH26=0),0,BH26/$H26) -> 1 | BJ26: =IF(OR($F26="",$G26="",$H26=""),0,MIN(MAX(IF($F26>BK$1,0,((($G26-$F26)-($G26-BK$1))*(10/$E26)/10)),0),1)*$H26) -> 100 | BK26: =IF(OR($H26=0,BJ26=0),0,BJ26/$H26) -> 1 | BL26: =IF(OR($F26="",$G26="",$H26=""),0,MIN(MAX(IF($F26>BM$1,0,((($G26-$F26)-($G26-BM$1))*(10/$E26)/10)),0),1)*$H26) -> 100 | BM26: =IF(OR($H26=0,BL26=0),0,BL26/$H26) -> 1 | BN26: =IF(OR($F26="",$G26="",$H26=""),0,MIN(MAX(IF($F26>BO$1,0,((($G26-$F26)-($G26-BO$1))*(10/$E26)/10)),0),1)*$H26) -> 100 | BO26: =IF(OR($H26=0,BN26=0),0,BN26/$H26) -> 1 | BP26: =IF(OR($F26="",$G26="",$H26=""),0,MIN(MAX(IF($F26>BQ$1,0,((($G26-$F26)-($G26-BQ$1))*(10/$E26)/10)),0),1)*$H26) -> 100 | BQ26: =IF(OR($H26=0,BP26=0),0,BP26/$H26) -> 1 | BR26: =IF(OR($F26="",$G26="",$H26=""),0,MIN(MAX(IF($F26>BS$1,0,((($G26-$F26)-($G26-BS$1))*(10/$E26)/10)),0),1)*$H26) -> 100 | BS26: =IF(OR($H26=0,BR26=0),0,BR26/$H26) -> 1 | BT26: =IF(OR($F26="",$G26="",$H26=""),0,MIN(MAX(IF($F26>BU$1,0,((($G26-$F26)-($G26-BU$1))*(10/$E26)/10)),0),1)*$H26) -> 100 | BU26: =IF(OR($H26=0,BT26=0),0,BT26/$H26) -> 1 | BV26: =IF(OR($F26="",$G26="",$H26=""),0,MIN(MAX(IF($F26>BW$1,0,((($G26-$F26)-($G26-BW$1))*(10/$E26)/10)),0),1)*$H26) -> 100 | BW26: =IF(OR($H26=0,BV26=0),0,BV26/$H26) -> 1 | BX26: =IF(OR($F26="",$G26="",$H26=""),0,MIN(MAX(IF($F26>BY$1,0,((($G26-$F26)-($G26-BY$1))*(10/$E26)/10)),0),1)*$H26) -> 100 | BY26: =IF(OR($H26=0,BX26=0),0,BX26/$H26) -> 1 | BZ26: =IF(OR($F26="",$G26="",$H26=""),0,MIN(MAX(IF($F26>CA$1,0,((($G26-$F26)-($G26-CA$1))*(10/$E26)/10)),0),1)*$H26) -> 100 | CA26: =IF(OR($H26=0,BZ26=0),0,BZ26/$H26) -> 1 | CB26: =IF(OR($F26="",$G26="",$H26=""),0,MIN(MAX(IF($F26>CC$1,0,((($G26-$F26)-($G26-CC$1))*(10/$E26)/10)),0),1)*$H26) -> 100 | CC26: =IF(OR($H26=0,CB26=0),0,CB26/$H26) -> 1 | CD26: =IF(OR($F26="",$G26="",$H26=""),0,MIN(MAX(IF($F26>CE$1,0,((($G26-$F26)-($G26-CE$1))*(10/$E26)/10)),0),1)*$H26) -> 100 | CE26: =IF(OR($H26=0,CD26=0),0,CD26/$H26) -> 1 | CF26: =IF(OR($F26="",$G26="",$H26=""),0,MIN(MAX(IF($F26>CG$1,0,((($G26-$F26)-($G26-CG$1))*(10/$E26)/10)),0),1)*$H26) -> 100 | CG26: =IF(OR($H26=0,CF26=0),0,CF26/$H26) -> 1 | CH26: =IF(OR($F26="",$G26="",$H26=""),0,MIN(MAX(IF($F26>CI$1,0,((($G26-$F26)-($G26-CI$1))*(10/$E26)/10)),0),1)*$H26) -> 100 | CI26: =IF(OR($H26=0,CH26=0),0,CH26/$H26) -> 1 | CJ26: =IF(OR($F26="",$G26="",$H26=""),0,MIN(MAX(IF($F26>CK$1,0,((($G26-$F26)-($G26-CK$1))*(10/$E26)/10)),0),1)*$H26) -> 100 | CK26: =IF(OR($H26=0,CJ26=0),0,CJ26/$H26) -> 1 | CL26: =IF(OR($F26="",$G26="",$H26=""),0,MIN(MAX(IF($F26>CM$1,0,((($G26-$F26)-($G26-CM$1))*(10/$E26)/10)),0),1)*$H26) -> 100 | CM26: =IF(OR($H26=0,CL26=0),0,CL26/$H26) -> 1
A27: =A26+1 -> 165 | B27: Stump | D27: 125 | E27: 33 | F27: 45299 | G27: 45331 | L27: =D27/$D$15 -> 0.39936102 | M27: {=SUMPRODUCT($L28:$L34*M28:M34)} -> 1 | N27: {=SUMPRODUCT($L28:$L34*N28:N34)} -> 1 | O27: =N27-M27 -> 0 | U27: {=SUMPRODUCT($L28:$L34*U28:U34)} -> 0 | W27: {=SUMPRODUCT($L28:$L34*W28:W34)} -> 0 | Y27: {=SUMPRODUCT($L28:$L34*Y28:Y34)} -> 0 | AA27: {=SUMPRODUCT($L28:$L34*AA28:AA34)} -> 0 | AC27: {=SUMPRODUCT($L28:$L34*AC28:AC34)} -> 0 | AE27: {=SUMPRODUCT($L28:$L34*AE28:AE34)} -> 0 | AG27: {=SUMPRODUCT($L28:$L34*AG28:AG34)} -> 0 | AI27: {=SUMPRODUCT($L28:$L34*AI28:AI34)} -> 0 | AK27: {=SUMPRODUCT($L28:$L34*AK28:AK34)} -> 0 | AM27: {=SUMPRODUCT($L28:$L34*AM28:AM34)} -> 0 | AO27: {=SUMPRODUCT($L28:$L34*AO28:AO34)} -> 0 | AQ27: {=SUMPRODUCT($L28:$L34*AQ28:AQ34)} -> 0 | AS27: {=SUMPRODUCT($L28:$L34*AS28:AS34)} -> 0.048 | AU27: {=SUMPRODUCT($L28:$L34*AU28:AU34)} -> 0.24 | AW27: {=SUMPRODUCT($L28:$L34*AW28:AW34)} -> 0.568 | AY27: {=SUMPRODUCT($L28:$L34*AY28:AY34)} -> 0.848 | BA27: {=SUMPRODUCT($L28:$L34*BA28:BA34)} -> 0.992 | BC27: {=SUMPRODUCT($L28:$L34*BC28:BC34)} -> 1 | BE27: {=SUMPRODUCT($L28:$L34*BE28:BE34)} -> 1 | BG27: {=SUMPRODUCT($L28:$L34*BG28:BG34)} -> 1 | BI27: {=SUMPRODUCT($L28:$L34*BI28:BI34)} -> 1 | BK27: {=SUMPRODUCT($L28:$L34*BK28:BK34)} -> 1 | BM27: {=SUMPRODUCT($L28:$L34*BM28:BM34)} -> 1 | BO27: {=SUMPRODUCT($L28:$L34*BO28:BO34)} -> 1 | BQ27: {=SUMPRODUCT($L28:$L34*BQ28:BQ34)} -> 1 | BS27: {=SUMPRODUCT($L28:$L34*BS28:BS34)} -> 1 | BU27: {=SUMPRODUCT($L28:$L34*BU28:BU34)} -> 1 | BW27: {=SUMPRODUCT($L28:$L34*BW28:BW34)} -> 1 | BY27: {=SUMPRODUCT($L28:$L34*BY28:BY34)} -> 1 | CA27: {=SUMPRODUCT($L28:$L34*CA28:CA34)} -> 1 | CC27: {=SUMPRODUCT($L28:$L34*CC28:CC34)} -> 1 | CE27: {=SUMPRODUCT($L28:$L34*CE28:CE34)} -> 1 | CG27: {=SUMPRODUCT($L28:$L34*CG28:CG34)} -> 1 | CI27: {=SUMPRODUCT($L28:$L34*CI28:CI34)} -> 1 | CK27: {=SUMPRODUCT($L28:$L34*CK28:CK34)} -> 1 | CM27: {=SUMPRODUCT($L28:$L34*CM28:CM34)} -> 1
A28: =A27+1 -> 166 | B28: Reinforcement Bar Fixing | D28: 20 | E28: 20 | F28: 45299 | G28: 45318 | H28: 100 | I28: 100 | J28: % | K28: =IF(OR(F28="",G28="",H28=""),0,MIN(MAX(IF(F28>$O$1,0,(((G28-F28)-(G28-$O$1))*(10/E28)/10)),0),1)*H28) -> 100 | L28: =D28/$D$27 -> 0.16 | M28: =IF(OR(H28=0,K28=0),0,K28/H28) -> 1 | N28: =IF(OR(H28=0,I28=0),0,I28/H28) -> 1 | O28: =N28-M28 -> 0 | T28: =IF(OR($F28="",$G28="",$H28=""),0,MIN(MAX(IF($F28>U$1,0,((($G28-$F28)-($G28-U$1))*(10/$E28)/10)),0),1)*$H28) -> 0 | U28: =IF(OR($H28=0,T28=0),0,T28/$H28) -> 0 | V28: =IF(OR($F28="",$G28="",$H28=""),0,MIN(MAX(IF($F28>W$1,0,((($G28-$F28)-($G28-W$1))*(10/$E28)/10)),0),1)*$H28) -> 0 | W28: =IF(OR($H28=0,V28=0),0,V28/$H28) -> 0 | X28: =IF(OR($F28="",$G28="",$H28=""),0,MIN(MAX(IF($F28>Y$1,0,((($G28-$F28)-($G28-Y$1))*(10/$E28)/10)),0),1)*$H28) -> 0 | Y28: =IF(OR($H28=0,X28=0),0,X28/$H28) -> 0 | Z28: =IF(OR($F28="",$G28="",$H28=""),0,MIN(MAX(IF($F28>AA$1,0,((($G28-$F28)-($G28-AA$1))*(10/$E28)/10)),0),1)*$H28) -> 0 | AA28: =IF(OR($H28=0,Z28=0),0,Z28/$H28) -> 0 | AB28: =IF(OR($F28="",$G28="",$H28=""),0,MIN(MAX(IF($F28>AC$1,0,((($G28-$F28)-($G28-AC$1))*(10/$E28)/10)),0),1)*$H28) -> 0 | AC28: =IF(OR($H28=0,AB28=0),0,AB28/$H28) -> 0 | AD28: =IF(OR($F28="",$G28="",$H28=""),0,MIN(MAX(IF($F28>AE$1,0,((($G28-$F28)-($G28-AE$1))*(10/$E28)/10)),0),1)*$H28) -> 0 | AE28: =IF(OR($H28=0,AD28=0),0,AD28/$H28) -> 0 | AF28: =IF(OR($F28="",$G28="",$H28=""),0,MIN(MAX(IF($F28>AG$1,0,((($G28-$F28)-($G28-AG$1))*(10/$E28)/10)),0),1)*$H28) -> 0 | AG28: =IF(OR($H28=0,AF28=0),0,AF28/$H28) -> 0 | AH28: =IF(OR($F28="",$G28="",$H28=""),0,MIN(MAX(IF($F28>AI$1,0,((($G28-$F28)-($G28-AI$1))*(10/$E28)/10)),0),1)*$H28) -> 0 | AI28: =IF(OR($H28=0,AH28=0),0,AH28/$H28) -> 0 | AJ28: =IF(OR($F28="",$G28="",$H28=""),0,MIN(MAX(IF($F28>AK$1,0,((($G28-$F28)-($G28-AK$1))*(10/$E28)/10)),0),1)*$H28) -> 0 | AK28: =IF(OR($H28=0,AJ28=0),0,AJ28/$H28) -> 0 | AL28: =IF(OR($F28="",$G28="",$H28=""),0,MIN(MAX(IF($F28>AM$1,0,((($G28-$F28)-($G28-AM$1))*(10/$E28)/10)),0),1)*$H28) -> 0 | AM28: =IF(OR($H28=0,AL28=0),0,AL28/$H28) -> 0 | AN28: =IF(OR($F28="",$G28="",$H28=""),0,MIN(MAX(IF($F28>AO$1,0,((($G28-$F28)-($G28-AO$1))*(10/$E28)/10)),0),1)*$H28) -> 0 | AO28: =IF(OR($H28=0,AN28=0),0,AN28/$H28) -> 0 | AP28: =IF(OR($F28="",$G28="",$H28=""),0,MIN(MAX(IF($F28>AQ$1,0,((($G28-$F28)-($G28-AQ$1))*(10/$E28)/10)),0),1)*$H28) -> 0 | AQ28: =IF(OR($H28=0,AP28=0),0,AP28/$H28) -> 0 | AR28: =IF(OR($F28="",$G28="",$H28=""),0,MIN(MAX(IF($F28>AS$1,0,((($G28-$F28)-($G28-AS$1))*(10/$E28)/10)),0),1)*$H28) -> 20 | AS28: =IF(OR($H28=0,AR28=0),0,AR28/$H28) -> 0.2 | AT28: =IF(OR($F28="",$G28="",$H28=""),0,MIN(MAX(IF($F28>AU$1,0,((($G28-$F28)-($G28-AU$1))*(10/$E28)/10)),0),1)*$H28) -> 55 | AU28: =IF(OR($H28=0,AT28=0),0,AT28/$H28) -> 0.55 | AV28: =IF(OR($F28="",$G28="",$H28=""),0,MIN(MAX(IF($F28>AW$1,0,((($G28-$F28)-($G28-AW$1))*(10/$E28)/10)),0),1)*$H28) -> 90 | AW28: =IF(OR($H28=0,AV28=0),0,AV28/$H28) -> 0.9 | AX28: =IF(OR($F28="",$G28="",$H28=""),0,MIN(MAX(IF($F28>AY$1,0,((($G28-$F28)-($G28-AY$1))*(10/$E28)/10)),0),1)*$H28) -> 100 | AY28: =IF(OR($H28=0,AX28=0),0,AX28/$H28) -> 1 | AZ28: =IF(OR($F28="",$G28="",$H28=""),0,MIN(MAX(IF($F28>BA$1,0,((($G28-$F28)-($G28-BA$1))*(10/$E28)/10)),0),1)*$H28) -> 100 | BA28: =IF(OR($H28=0,AZ28=0),0,AZ28/$H28) -> 1 | BB28: =IF(OR($F28="",$G28="",$H28=""),0,MIN(MAX(IF($F28>BC$1,0,((($G28-$F28)-($G28-BC$1))*(10/$E28)/10)),0),1)*$H28) -> 100 | BC28: =IF(OR($H28=0,BB28=0),0,BB28/$H28) -> 1 | BD28: =IF(OR($F28="",$G28="",$H28=""),0,MIN(MAX(IF($F28>BE$1,0,((($G28-$F28)-($G28-BE$1))*(10/$E28)/10)),0),1)*$H28) -> 100 | BE28: =IF(OR($H28=0,BD28=0),0,BD28/$H28) -> 1 | BF28: =IF(OR($F28="",$G28="",$H28=""),0,MIN(MAX(IF($F28>BG$1,0,((($G28-$F28)-($G28-BG$1))*(10/$E28)/10)),0),1)*$H28) -> 100 | BG28: =IF(OR($H28=0,BF28=0),0,BF28/$H28) -> 1 | BH28: =IF(OR($F28="",$G28="",$H28=""),0,MIN(MAX(IF($F28>BI$1,0,((($G28-$F28)-($G28-BI$1))*(10/$E28)/10)),0),1)*$H28) -> 100 | BI28: =IF(OR($H28=0,BH28=0),0,BH28/$H28) -> 1 | BJ28: =IF(OR($F28="",$G28="",$H28=""),0,MIN(MAX(IF($F28>BK$1,0,((($G28-$F28)-($G28-BK$1))*(10/$E28)/10)),0),1)*$H28) -> 100 | BK28: =IF(OR($H28=0,BJ28=0),0,BJ28/$H28) -> 1 | BL28: =IF(OR($F28="",$G28="",$H28=""),0,MIN(MAX(IF($F28>BM$1,0,((($G28-$F28)-($G28-BM$1))*(10/$E28)/10)),0),1)*$H28) -> 100 | BM28: =IF(OR($H28=0,BL28=0),0,BL28/$H28) -> 1 | BN28: =IF(OR($F28="",$G28="",$H28=""),0,MIN(MAX(IF($F28>BO$1,0,((($G28-$F28)-($G28-BO$1))*(10/$E28)/10)),0),1)*$H28) -> 100 | BO28: =IF(OR($H28=0,BN28=0),0,BN28/$H28) -> 1 | BP28: =IF(OR($F28="",$G28="",$H28=""),0,MIN(MAX(IF($F28>BQ$1,0,((($G28-$F28)-($G28-BQ$1))*(10/$E28)/10)),0),1)*$H28) -> 100 | BQ28: =IF(OR($H28=0,BP28=0),0,BP28/$H28) -> 1 | BR28: =IF(OR($F28="",$G28="",$H28=""),0,MIN(MAX(IF($F28>BS$1,0,((($G28-$F28)-($G28-BS$1))*(10/$E28)/10)),0),1)*$H28) -> 100 | BS28: =IF(OR($H28=0,BR28=0),0,BR28/$H28) -> 1 | BT28: =IF(OR($F28="",$G28="",$H28=""),0,MIN(MAX(IF($F28>BU$1,0,((($G28-$F28)-($G28-BU$1))*(10/$E28)/10)),0),1)*$H28) -> 100 | BU28: =IF(OR($H28=0,BT28=0),0,BT28/$H28) -> 1 | BV28: =IF(OR($F28="",$G28="",$H28=""),0,MIN(MAX(IF($F28>BW$1,0,((($G28-$F28)-($G28-BW$1))*(10/$E28)/10)),0),1)*$H28) -> 100 | BW28: =IF(OR($H28=0,BV28=0),0,BV28/$H28) -> 1 | BX28: =IF(OR($F28="",$G28="",$H28=""),0,MIN(MAX(IF($F28>BY$1,0,((($G28-$F28)-($G28-BY$1))*(10/$E28)/10)),0),1)*$H28) -> 100 | BY28: =IF(OR($H28=0,BX28=0),0,BX28/$H28) -> 1 | BZ28: =IF(OR($F28="",$G28="",$H28=""),0,MIN(MAX(IF($F28>CA$1,0,((($G28-$F28)-($G28-CA$1))*(10/$E28)/10)),0),1)*$H28) -> 100 | CA28: =IF(OR($H28=0,BZ28=0),0,BZ28/$H28) -> 1 | CB28: =IF(OR($F28="",$G28="",$H28=""),0,MIN(MAX(IF($F28>CC$1,0,((($G28-$F28)-($G28-CC$1))*(10/$E28)/10)),0),1)*$H28) -> 100 | CC28: =IF(OR($H28=0,CB28=0),0,CB28/$H28) -> 1 | CD28: =IF(OR($F28="",$G28="",$H28=""),0,MIN(MAX(IF($F28>CE$1,0,((($G28-$F28)-($G28-CE$1))*(10/$E28)/10)),0),1)*$H28) -> 100 | CE28: =IF(OR($H28=0,CD28=0),0,CD28/$H28) -> 1 | CF28: =IF(OR($F28="",$G28="",$H28=""),0,MIN(MAX(IF($F28>CG$1,0,((($G28-$F28)-($G28-CG$1))*(10/$E28)/10)),0),1)*$H28) -> 100 | CG28: =IF(OR($H28=0,CF28=0),0,CF28/$H28) -> 1 | CH28: =IF(OR($F28="",$G28="",$H28=""),0,MIN(MAX(IF($F28>CI$1,0,((($G28-$F28)-($G28-CI$1))*(10/$E28)/10)),0),1)*$H28) -> 100 | CI28: =IF(OR($H28=0,CH28=0),0,CH28/$H28) -> 1 | CJ28: =IF(OR($F28="",$G28="",$H28=""),0,MIN(MAX(IF($F28>CK$1,0,((($G28-$F28)-($G28-CK$1))*(10/$E28)/10)),0),1)*$H28) -> 100 | CK28: =IF(OR($H28=0,CJ28=0),0,CJ28/$H28) -> 1 | CL28: =IF(OR($F28="",$G28="",$H28=""),0,MIN(MAX(IF($F28>CM$1,0,((($G28-$F28)-($G28-CM$1))*(10/$E28)/10)),0),1)*$H28) -> 100 | CM28: =IF(OR($H28=0,CL28=0),0,CL28/$H28) -> 1
A29: =A28+1 -> 167 | B29: Formwork Fixing | D29: 21 | E29: 21 | F29: 45301 | G29: 45321 | H29: 100 | I29: 100 | J29: % | K29: =IF(OR(F29="",G29="",H29=""),0,MIN(MAX(IF(F29>$O$1,0,(((G29-F29)-(G29-$O$1))*(10/E29)/10)),0),1)*H29) -> 100 | L29: =D29/$D$27 -> 0.168 | M29: =IF(OR(H29=0,K29=0),0,K29/H29) -> 1 | N29: =IF(OR(H29=0,I29=0),0,I29/H29) -> 1 | O29: =N29-M29 -> 0 | T29: =IF(OR($F29="",$G29="",$H29=""),0,MIN(MAX(IF($F29>U$1,0,((($G29-$F29)-($G29-U$1))*(10/$E29)/10)),0),1)*$H29) -> 0 | U29: =IF(OR($H29=0,T29=0),0,T29/$H29) -> 0 | V29: =IF(OR($F29="",$G29="",$H29=""),0,MIN(MAX(IF($F29>W$1,0,((($G29-$F29)-($G29-W$1))*(10/$E29)/10)),0),1)*$H29) -> 0 | W29: =IF(OR($H29=0,V29=0),0,V29/$H29) -> 0 | X29: =IF(OR($F29="",$G29="",$H29=""),0,MIN(MAX(IF($F29>Y$1,0,((($G29-$F29)-($G29-Y$1))*(10/$E29)/10)),0),1)*$H29) -> 0 | Y29: =IF(OR($H29=0,X29=0),0,X29/$H29) -> 0 | Z29: =IF(OR($F29="",$G29="",$H29=""),0,MIN(MAX(IF($F29>AA$1,0,((($G29-$F29)-($G29-AA$1))*(10/$E29)/10)),0),1)*$H29) -> 0 | AA29: =IF(OR($H29=0,Z29=0),0,Z29/$H29) -> 0 | AB29: =IF(OR($F29="",$G29="",$H29=""),0,MIN(MAX(IF($F29>AC$1,0,((($G29-$F29)-($G29-AC$1))*(10/$E29)/10)),0),1)*$H29) -> 0 | AC29: =IF(OR($H29=0,AB29=0),0,AB29/$H29) -> 0 | AD29: =IF(OR($F29="",$G29="",$H29=""),0,MIN(MAX(IF($F29>AE$1,0,((($G29-$F29)-($G29-AE$1))*(10/$E29)/10)),0),1)*$H29) -> 0 | AE29: =IF(OR($H29=0,AD29=0),0,AD29/$H29) -> 0 | AF29: =IF(OR($F29="",$G29="",$H29=""),0,MIN(MAX(IF($F29>AG$1,0,((($G29-$F29)-($G29-AG$1))*(10/$E29)/10)),0),1)*$H29) -> 0 | AG29: =IF(OR($H29=0,AF29=0),0,AF29/$H29) -> 0 | AH29: =IF(OR($F29="",$G29="",$H29=""),0,MIN(MAX(IF($F29>AI$1,0,((($G29-$F29)-($G29-AI$1))*(10/$E29)/10)),0),1)*$H29) -> 0 | AI29: =IF(OR($H29=0,AH29=0),0,AH29/$H29) -> 0 | AJ29: =IF(OR($F29="",$G29="",$H29=""),0,MIN(MAX(IF($F29>AK$1,0,((($G29-$F29)-($G29-AK$1))*(10/$E29)/10)),0),1)*$H29) -> 0 | AK29: =IF(OR($H29=0,AJ29=0),0,AJ29/$H29) -> 0 | AL29: =IF(OR($F29="",$G29="",$H29=""),0,MIN(MAX(IF($F29>AM$1,0,((($G29-$F29)-($G29-AM$1))*(10/$E29)/10)),0),1)*$H29) -> 0 | AM29: =IF(OR($H29=0,AL29=0),0,AL29/$H29) -> 0 | AN29: =IF(OR($F29="",$G29="",$H29=""),0,MIN(MAX(IF($F29>AO$1,0,((($G29-$F29)-($G29-AO$1))*(10/$E29)/10)),0),1)*$H29) -> 0 | AO29: =IF(OR($H29=0,AN29=0),0,AN29/$H29) -> 0 | AP29: =IF(OR($F29="",$G29="",$H29=""),0,MIN(MAX(IF($F29>AQ$1,0,((($G29-$F29)-($G29-AQ$1))*(10/$E29)/10)),0),1)*$H29) -> 0 | AQ29: =IF(OR($H29=0,AP29=0),0,AP29/$H29) -> 0 | AR29: =IF(OR($F29="",$G29="",$H29=""),0,MIN(MAX(IF($F29>AS$1,0,((($G29-$F29)-($G29-AS$1))*(10/$E29)/10)),0),1)*$H29) -> 9.5238095 | AS29: =IF(OR($H29=0,AR29=0),0,AR29/$H29) -> 0.095238095 | AT29: =IF(OR($F29="",$G29="",$H29=""),0,MIN(MAX(IF($F29>AU$1,0,((($G29-$F29)-($G29-AU$1))*(10/$E29)/10)),0),1)*$H29) -> 42.857143 | AU29: =IF(OR($H29=0,AT29=0),0,AT29/$H29) -> 0.42857143 | AV29: =IF(OR($F29="",$G29="",$H29=""),0,MIN(MAX(IF($F29>AW$1,0,((($G29-$F29)-($G29-AW$1))*(10/$E29)/10)),0),1)*$H29) -> 76.190476 | AW29: =IF(OR($H29=0,AV29=0),0,AV29/$H29) -> 0.76190476 | AX29: =IF(OR($F29="",$G29="",$H29=""),0,MIN(MAX(IF($F29>AY$1,0,((($G29-$F29)-($G29-AY$1))*(10/$E29)/10)),0),1)*$H29) -> 100 | AY29: =IF(OR($H29=0,AX29=0),0,AX29/$H29) -> 1 | AZ29: =IF(OR($F29="",$G29="",$H29=""),0,MIN(MAX(IF($F29>BA$1,0,((($G29-$F29)-($G29-BA$1))*(10/$E29)/10)),0),1)*$H29) -> 100 | BA29: =IF(OR($H29=0,AZ29=0),0,AZ29/$H29) -> 1 | BB29: =IF(OR($F29="",$G29="",$H29=""),0,MIN(MAX(IF($F29>BC$1,0,((($G29-$F29)-($G29-BC$1))*(10/$E29)/10)),0),1)*$H29) -> 100 | BC29: =IF(OR($H29=0,BB29=0),0,BB29/$H29) -> 1 | BD29: =IF(OR($F29="",$G29="",$H29=""),0,MIN(MAX(IF($F29>BE$1,0,((($G29-$F29)-($G29-BE$1))*(10/$E29)/10)),0),1)*$H29) -> 100 | BE29: =IF(OR($H29=0,BD29=0),0,BD29/$H29) -> 1 | BF29: =IF(OR($F29="",$G29="",$H29=""),0,MIN(MAX(IF($F29>BG$1,0,((($G29-$F29)-($G29-BG$1))*(10/$E29)/10)),0),1)*$H29) -> 100 | BG29: =IF(OR($H29=0,BF29=0),0,BF29/$H29) -> 1 | BH29: =IF(OR($F29="",$G29="",$H29=""),0,MIN(MAX(IF($F29>BI$1,0,((($G29-$F29)-($G29-BI$1))*(10/$E29)/10)),0),1)*$H29) -> 100 | BI29: =IF(OR($H29=0,BH29=0),0,BH29/$H29) -> 1 | BJ29: =IF(OR($F29="",$G29="",$H29=""),0,MIN(MAX(IF($F29>BK$1,0,((($G29-$F29)-($G29-BK$1))*(10/$E29)/10)),0),1)*$H29) -> 100 | BK29: =IF(OR($H29=0,BJ29=0),0,BJ29/$H29) -> 1 | BL29: =IF(OR($F29="",$G29="",$H29=""),0,MIN(MAX(IF($F29>BM$1,0,((($G29-$F29)-($G29-BM$1))*(10/$E29)/10)),0),1)*$H29) -> 100 | BM29: =IF(OR($H29=0,BL29=0),0,BL29/$H29) -> 1 | BN29: =IF(OR($F29="",$G29="",$H29=""),0,MIN(MAX(IF($F29>BO$1,0,((($G29-$F29)-($G29-BO$1))*(10/$E29)/10)),0),1)*$H29) -> 100 | BO29: =IF(OR($H29=0,BN29=0),0,BN29/$H29) -> 1 | BP29: =IF(OR($F29="",$G29="",$H29=""),0,MIN(MAX(IF($F29>BQ$1,0,((($G29-$F29)-($G29-BQ$1))*(10/$E29)/10)),0),1)*$H29) -> 100 | BQ29: =IF(OR($H29=0,BP29=0),0,BP29/$H29) -> 1 | BR29: =IF(OR($F29="",$G29="",$H29=""),0,MIN(MAX(IF($F29>BS$1,0,((($G29-$F29)-($G29-BS$1))*(10/$E29)/10)),0),1)*$H29) -> 100 | BS29: =IF(OR($H29=0,BR29=0),0,BR29/$H29) -> 1 | BT29: =IF(OR($F29="",$G29="",$H29=""),0,MIN(MAX(IF($F29>BU$1,0,((($G29-$F29)-($G29-BU$1))*(10/$E29)/10)),0),1)*$H29) -> 100 | BU29: =IF(OR($H29=0,BT29=0),0,BT29/$H29) -> 1 | BV29: =IF(OR($F29="",$G29="",$H29=""),0,MIN(MAX(IF($F29>BW$1,0,((($G29-$F29)-($G29-BW$1))*(10/$E29)/10)),0),1)*$H29) -> 100 | BW29: =IF(OR($H29=0,BV29=0),0,BV29/$H29) -> 1 | BX29: =IF(OR($F29="",$G29="",$H29=""),0,MIN(MAX(IF($F29>BY$1,0,((($G29-$F29)-($G29-BY$1))*(10/$E29)/10)),0),1)*$H29) -> 100 | BY29: =IF(OR($H29=0,BX29=0),0,BX29/$H29) -> 1 | BZ29: =IF(OR($F29="",$G29="",$H29=""),0,MIN(MAX(IF($F29>CA$1,0,((($G29-$F29)-($G29-CA$1))*(10/$E29)/10)),0),1)*$H29) -> 100 | CA29: =IF(OR($H29=0,BZ29=0),0,BZ29/$H29) -> 1 | CB29: =IF(OR($F29="",$G29="",$H29=""),0,MIN(MAX(IF($F29>CC$1,0,((($G29-$F29)-($G29-CC$1))*(10/$E29)/10)),0),1)*$H29) -> 100 | CC29: =IF(OR($H29=0,CB29=0),0,CB29/$H29) -> 1 | CD29: =IF(OR($F29="",$G29="",$H29=""),0,MIN(MAX(IF($F29>CE$1,0,((($G29-$F29)-($G29-CE$1))*(10/$E29)/10)),0),1)*$H29) -> 100 | CE29: =IF(OR($H29=0,CD29=0),0,CD29/$H29) -> 1 | CF29: =IF(OR($F29="",$G29="",$H29=""),0,MIN(MAX(IF($F29>CG$1,0,((($G29-$F29)-($G29-CG$1))*(10/$E29)/10)),0),1)*$H29) -> 100 | CG29: =IF(OR($H29=0,CF29=0),0,CF29/$H29) -> 1 | CH29: =IF(OR($F29="",$G29="",$H29=""),0,MIN(MAX(IF($F29>CI$1,0,((($G29-$F29)-($G29-CI$1))*(10/$E29)/10)),0),1)*$H29) -> 100 | CI29: =IF(OR($H29=0,CH29=0),0,CH29/$H29) -> 1 | CJ29: =IF(OR($F29="",$G29="",$H29=""),0,MIN(MAX(IF($F29>CK$1,0,((($G29-$F29)-($G29-CK$1))*(10/$E29)/10)),0),1)*$H29) -> 100 | CK29: =IF(OR($H29=0,CJ29=0),0,CJ29/$H29) -> 1 | CL29: =IF(OR($F29="",$G29="",$H29=""),0,MIN(MAX(IF($F29>CM$1,0,((($G29-$F29)-($G29-CM$1))*(10/$E29)/10)),0),1)*$H29) -> 100 | CM29: =IF(OR($H29=0,CL29=0),0,CL29/$H29) -> 1
A30: =A29+1 -> 168 | B30: Anchor Bolt Fixing | D30: 21 | E30: 21 | F30: 45303 | G30: 45323 | H30: 100 | I30: 100 | J30: % | K30: =IF(OR(F30="",G30="",H30=""),0,MIN(MAX(IF(F30>$O$1,0,(((G30-F30)-(G30-$O$1))*(10/E30)/10)),0),1)*H30) -> 100 | L30: =D30/$D$27 -> 0.168 | M30: =IF(OR(H30=0,K30=0),0,K30/H30) -> 1 | N30: =IF(OR(H30=0,I30=0),0,I30/H30) -> 1 | O30: =N30-M30 -> 0 | T30: =IF(OR($F30="",$G30="",$H30=""),0,MIN(MAX(IF($F30>U$1,0,((($G30-$F30)-($G30-U$1))*(10/$E30)/10)),0),1)*$H30) -> 0 | U30: =IF(OR($H30=0,T30=0),0,T30/$H30) -> 0 | V30: =IF(OR($F30="",$G30="",$H30=""),0,MIN(MAX(IF($F30>W$1,0,((($G30-$F30)-($G30-W$1))*(10/$E30)/10)),0),1)*$H30) -> 0 | W30: =IF(OR($H30=0,V30=0),0,V30/$H30) -> 0 | X30: =IF(OR($F30="",$G30="",$H30=""),0,MIN(MAX(IF($F30>Y$1,0,((($G30-$F30)-($G30-Y$1))*(10/$E30)/10)),0),1)*$H30) -> 0 | Y30: =IF(OR($H30=0,X30=0),0,X30/$H30) -> 0 | Z30: =IF(OR($F30="",$G30="",$H30=""),0,MIN(MAX(IF($F30>AA$1,0,((($G30-$F30)-($G30-AA$1))*(10/$E30)/10)),0),1)*$H30) -> 0 | AA30: =IF(OR($H30=0,Z30=0),0,Z30/$H30) -> 0 | AB30: =IF(OR($F30="",$G30="",$H30=""),0,MIN(MAX(IF($F30>AC$1,0,((($G30-$F30)-($G30-AC$1))*(10/$E30)/10)),0),1)*$H30) -> 0 | AC30: =IF(OR($H30=0,AB30=0),0,AB30/$H30) -> 0 | AD30: =IF(OR($F30="",$G30="",$H30=""),0,MIN(MAX(IF($F30>AE$1,0,((($G30-$F30)-($G30-AE$1))*(10/$E30)/10)),0),1)*$H30) -> 0 | AE30: =IF(OR($H30=0,AD30=0),0,AD30/$H30) -> 0 | AF30: =IF(OR($F30="",$G30="",$H30=""),0,MIN(MAX(IF($F30>AG$1,0,((($G30-$F30)-($G30-AG$1))*(10/$E30)/10)),0),1)*$H30) -> 0 | AG30: =IF(OR($H30=0,AF30=0),0,AF30/$H30) -> 0 | AH30: =IF(OR($F30="",$G30="",$H30=""),0,MIN(MAX(IF($F30>AI$1,0,((($G30-$F30)-($G30-AI$1))*(10/$E30)/10)),0),1)*$H30) -> 0 | AI30: =IF(OR($H30=0,AH30=0),0,AH30/$H30) -> 0 | AJ30: =IF(OR($F30="",$G30="",$H30=""),0,MIN(MAX(IF($F30>AK$1,0,((($G30-$F30)-($G30-AK$1))*(10/$E30)/10)),0),1)*$H30) -> 0 | AK30: =IF(OR($H30=0,AJ30=0),0,AJ30/$H30) -> 0 | AL30: =IF(OR($F30="",$G30="",$H30=""),0,MIN(MAX(IF($F30>AM$1,0,((($G30-$F30)-($G30-AM$1))*(10/$E30)/10)),0),1)*$H30) -> 0 | AM30: =IF(OR($H30=0,AL30=0),0,AL30/$H30) -> 0 | AN30: =IF(OR($F30="",$G30="",$H30=""),0,MIN(MAX(IF($F30>AO$1,0,((($G30-$F30)-($G30-AO$1))*(10/$E30)/10)),0),1)*$H30) -> 0 | AO30: =IF(OR($H30=0,AN30=0),0,AN30/$H30) -> 0 | AP30: =IF(OR($F30="",$G30="",$H30=""),0,MIN(MAX(IF($F30>AQ$1,0,((($G30-$F30)-($G30-AQ$1))*(10/$E30)/10)),0),1)*$H30) -> 0 | AQ30: =IF(OR($H30=0,AP30=0),0,AP30/$H30) -> 0 | AR30: =IF(OR($F30="",$G30="",$H30=""),0,MIN(MAX(IF($F30>AS$1,0,((($G30-$F30)-($G30-AS$1))*(10/$E30)/10)),0),1)*$H30) -> 0 | AS30: =IF(OR($H30=0,AR30=0),0,AR30/$H30) -> 0 | AT30: =IF(OR($F30="",$G30="",$H30=""),0,MIN(MAX(IF($F30>AU$1,0,((($G30-$F30)-($G30-AU$1))*(10/$E30)/10)),0),1)*$H30) -> 33.333333 | AU30: =IF(OR($H30=0,AT30=0),0,AT30/$H30) -> 0.33333333 | AV30: =IF(OR($F30="",$G30="",$H30=""),0,MIN(MAX(IF($F30>AW$1,0,((($G30-$F30)-($G30-AW$1))*(10/$E30)/10)),0),1)*$H30) -> 66.666667 | AW30: =IF(OR($H30=0,AV30=0),0,AV30/$H30) -> 0.66666667 | AX30: =IF(OR($F30="",$G30="",$H30=""),0,MIN(MAX(IF($F30>AY$1,0,((($G30-$F30)-($G30-AY$1))*(10/$E30)/10)),0),1)*$H30) -> 100 | AY30: =IF(OR($H30=0,AX30=0),0,AX30/$H30) -> 1 | AZ30: =IF(OR($F30="",$G30="",$H30=""),0,MIN(MAX(IF($F30>BA$1,0,((($G30-$F30)-($G30-BA$1))*(10/$E30)/10)),0),1)*$H30) -> 100 | BA30: =IF(OR($H30=0,AZ30=0),0,AZ30/$H30) -> 1 | BB30: =IF(OR($F30="",$G30="",$H30=""),0,MIN(MAX(IF($F30>BC$1,0,((($G30-$F30)-($G30-BC$1))*(10/$E30)/10)),0),1)*$H30) -> 100 | BC30: =IF(OR($H30=0,BB30=0),0,BB30/$H30) -> 1 | BD30: =IF(OR($F30="",$G30="",$H30=""),0,MIN(MAX(IF($F30>BE$1,0,((($G30-$F30)-($G30-BE$1))*(10/$E30)/10)),0),1)*$H30) -> 100 | BE30: =IF(OR($H30=0,BD30=0),0,BD30/$H30) -> 1 | BF30: =IF(OR($F30="",$G30="",$H30=""),0,MIN(MAX(IF($F30>BG$1,0,((($G30-$F30)-($G30-BG$1))*(10/$E30)/10)),0),1)*$H30) -> 100 | BG30: =IF(OR($H30=0,BF30=0),0,BF30/$H30) -> 1 | BH30: =IF(OR($F30="",$G30="",$H30=""),0,MIN(MAX(IF($F30>BI$1,0,((($G30-$F30)-($G30-BI$1))*(10/$E30)/10)),0),1)*$H30) -> 100 | BI30: =IF(OR($H30=0,BH30=0),0,BH30/$H30) -> 1 | BJ30: =IF(OR($F30="",$G30="",$H30=""),0,MIN(MAX(IF($F30>BK$1,0,((($G30-$F30)-($G30-BK$1))*(10/$E30)/10)),0),1)*$H30) -> 100 | BK30: =IF(OR($H30=0,BJ30=0),0,BJ30/$H30) -> 1 | BL30: =IF(OR($F30="",$G30="",$H30=""),0,MIN(MAX(IF($F30>BM$1,0,((($G30-$F30)-($G30-BM$1))*(10/$E30)/10)),0),1)*$H30) -> 100 | BM30: =IF(OR($H30=0,BL30=0),0,BL30/$H30) -> 1 | BN30: =IF(OR($F30="",$G30="",$H30=""),0,MIN(MAX(IF($F30>BO$1,0,((($G30-$F30)-($G30-BO$1))*(10/$E30)/10)),0),1)*$H30) -> 100 | BO30: =IF(OR($H30=0,BN30=0),0,BN30/$H30) -> 1 | BP30: =IF(OR($F30="",$G30="",$H30=""),0,MIN(MAX(IF($F30>BQ$1,0,((($G30-$F30)-($G30-BQ$1))*(10/$E30)/10)),0),1)*$H30) -> 100 | BQ30: =IF(OR($H30=0,BP30=0),0,BP30/$H30) -> 1 | BR30: =IF(OR($F30="",$G30="",$H30=""),0,MIN(MAX(IF($F30>BS$1,0,((($G30-$F30)-($G30-BS$1))*(10/$E30)/10)),0),1)*$H30) -> 100 | BS30: =IF(OR($H30=0,BR30=0),0,BR30/$H30) -> 1 | BT30: =IF(OR($F30="",$G30="",$H30=""),0,MIN(MAX(IF($F30>BU$1,0,((($G30-$F30)-($G30-BU$1))*(10/$E30)/10)),0),1)*$H30) -> 100 | BU30: =IF(OR($H30=0,BT30=0),0,BT30/$H30) -> 1 | BV30: =IF(OR($F30="",$G30="",$H30=""),0,MIN(MAX(IF($F30>BW$1,0,((($G30-$F30)-($G30-BW$1))*(10/$E30)/10)),0),1)*$H30) -> 100 | BW30: =IF(OR($H30=0,BV30=0),0,BV30/$H30) -> 1 | BX30: =IF(OR($F30="",$G30="",$H30=""),0,MIN(MAX(IF($F30>BY$1,0,((($G30-$F30)-($G30-BY$1))*(10/$E30)/10)),0),1)*$H30) -> 100 | BY30: =IF(OR($H30=0,BX30=0),0,BX30/$H30) -> 1 | BZ30: =IF(OR($F30="",$G30="",$H30=""),0,MIN(MAX(IF($F30>CA$1,0,((($G30-$F30)-($G30-CA$1))*(10/$E30)/10)),0),1)*$H30) -> 100 | CA30: =IF(OR($H30=0,BZ30=0),0,BZ30/$H30) -> 1 | CB30: =IF(OR($F30="",$G30="",$H30=""),0,MIN(MAX(IF($F30>CC$1,0,((($G30-$F30)-($G30-CC$1))*(10/$E30)/10)),0),1)*$H30) -> 100 | CC30: =IF(OR($H30=0,CB30=0),0,CB30/$H30) -> 1 | CD30: =IF(OR($F30="",$G30="",$H30=""),0,MIN(MAX(IF($F30>CE$1,0,((($G30-$F30)-($G30-CE$1))*(10/$E30)/10)),0),1)*$H30) -> 100 | CE30: =IF(OR($H30=0,CD30=0),0,CD30/$H30) -> 1 | CF30: =IF(OR($F30="",$G30="",$H30=""),0,MIN(MAX(IF($F30>CG$1,0,((($G30-$F30)-($G30-CG$1))*(10/$E30)/10)),0),1)*$H30) -> 100 | CG30: =IF(OR($H30=0,CF30=0),0,CF30/$H30) -> 1 | CH30: =IF(OR($F30="",$G30="",$H30=""),0,MIN(MAX(IF($F30>CI$1,0,((($G30-$F30)-($G30-CI$1))*(10/$E30)/10)),0),1)*$H30) -> 100 | CI30: =IF(OR($H30=0,CH30=0),0,CH30/$H30) -> 1 | CJ30: =IF(OR($F30="",$G30="",$H30=""),0,MIN(MAX(IF($F30>CK$1,0,((($G30-$F30)-($G30-CK$1))*(10/$E30)/10)),0),1)*$H30) -> 100 | CK30: =IF(OR($H30=0,CJ30=0),0,CJ30/$H30) -> 1 | CL30: =IF(OR($F30="",$G30="",$H30=""),0,MIN(MAX(IF($F30>CM$1,0,((($G30-$F30)-($G30-CM$1))*(10/$E30)/10)),0),1)*$H30) -> 100 | CM30: =IF(OR($H30=0,CL30=0),0,CL30/$H30) -> 1
A31: =A30+1 -> 169 | B31: Concrete Pouring | D31: 21 | E31: 21 | F31: 45307 | G31: 45327 | H31: 100 | I31: 100 | J31: % | K31: =IF(OR(F31="",G31="",H31=""),0,MIN(MAX(IF(F31>$O$1,0,(((G31-F31)-(G31-$O$1))*(10/E31)/10)),0),1)*H31) -> 100 | L31: =D31/$D$27 -> 0.168 | M31: =IF(OR(H31=0,K31=0),0,K31/H31) -> 1 | N31: =IF(OR(H31=0,I31=0),0,I31/H31) -> 1 | O31: =N31-M31 -> 0 | T31: =IF(OR($F31="",$G31="",$H31=""),0,MIN(MAX(IF($F31>U$1,0,((($G31-$F31)-($G31-U$1))*(10/$E31)/10)),0),1)*$H31) -> 0 | U31: =IF(OR($H31=0,T31=0),0,T31/$H31) -> 0 | V31: =IF(OR($F31="",$G31="",$H31=""),0,MIN(MAX(IF($F31>W$1,0,((($G31-$F31)-($G31-W$1))*(10/$E31)/10)),0),1)*$H31) -> 0 | W31: =IF(OR($H31=0,V31=0),0,V31/$H31) -> 0 | X31: =IF(OR($F31="",$G31="",$H31=""),0,MIN(MAX(IF($F31>Y$1,0,((($G31-$F31)-($G31-Y$1))*(10/$E31)/10)),0),1)*$H31) -> 0 | Y31: =IF(OR($H31=0,X31=0),0,X31/$H31) -> 0 | Z31: =IF(OR($F31="",$G31="",$H31=""),0,MIN(MAX(IF($F31>AA$1,0,((($G31-$F31)-($G31-AA$1))*(10/$E31)/10)),0),1)*$H31) -> 0 | AA31: =IF(OR($H31=0,Z31=0),0,Z31/$H31) -> 0 | AB31: =IF(OR($F31="",$G31="",$H31=""),0,MIN(MAX(IF($F31>AC$1,0,((($G31-$F31)-($G31-AC$1))*(10/$E31)/10)),0),1)*$H31) -> 0 | AC31: =IF(OR($H31=0,AB31=0),0,AB31/$H31) -> 0 | AD31: =IF(OR($F31="",$G31="",$H31=""),0,MIN(MAX(IF($F31>AE$1,0,((($G31-$F31)-($G31-AE$1))*(10/$E31)/10)),0),1)*$H31) -> 0 | AE31: =IF(OR($H31=0,AD31=0),0,AD31/$H31) -> 0 | AF31: =IF(OR($F31="",$G31="",$H31=""),0,MIN(MAX(IF($F31>AG$1,0,((($G31-$F31)-($G31-AG$1))*(10/$E31)/10)),0),1)*$H31) -> 0 | AG31: =IF(OR($H31=0,AF31=0),0,AF31/$H31) -> 0 | AH31: =IF(OR($F31="",$G31="",$H31=""),0,MIN(MAX(IF($F31>AI$1,0,((($G31-$F31)-($G31-AI$1))*(10/$E31)/10)),0),1)*$H31) -> 0 | AI31: =IF(OR($H31=0,AH31=0),0,AH31/$H31) -> 0 | AJ31: =IF(OR($F31="",$G31="",$H31=""),0,MIN(MAX(IF($F31>AK$1,0,((($G31-$F31)-($G31-AK$1))*(10/$E31)/10)),0),1)*$H31) -> 0 | AK31: =IF(OR($H31=0,AJ31=0),0,AJ31/$H31) -> 0 | AL31: =IF(OR($F31="",$G31="",$H31=""),0,MIN(MAX(IF($F31>AM$1,0,((($G31-$F31)-($G31-AM$1))*(10/$E31)/10)),0),1)*$H31) -> 0 | AM31: =IF(OR($H31=0,AL31=0),0,AL31/$H31) -> 0 | AN31: =IF(OR($F31="",$G31="",$H31=""),0,MIN(MAX(IF($F31>AO$1,0,((($G31-$F31)-($G31-AO$1))*(10/$E31)/10)),0),1)*$H31) -> 0 | AO31: =IF(OR($H31=0,AN31=0),0,AN31/$H31) -> 0 | AP31: =IF(OR($F31="",$G31="",$H31=""),0,MIN(MAX(IF($F31>AQ$1,0,((($G31-$F31)-($G31-AQ$1))*(10/$E31)/10)),0),1)*$H31) -> 0 | AQ31: =IF(OR($H31=0,AP31=0),0,AP31/$H31) -> 0 | AR31: =IF(OR($F31="",$G31="",$H31=""),0,MIN(MAX(IF($F31>AS$1,0,((($G31-$F31)-($G31-AS$1))*(10/$E31)/10)),0),1)*$H31) -> 0 | AS31: =IF(OR($H31=0,AR31=0),0,AR31/$H31) -> 0 | AT31: =IF(OR($F31="",$G31="",$H31=""),0,MIN(MAX(IF($F31>AU$1,0,((($G31-$F31)-($G31-AU$1))*(10/$E31)/10)),0),1)*$H31) -> 14.285714 | AU31: =IF(OR($H31=0,AT31=0),0,AT31/$H31) -> 0.14285714 | AV31: =IF(OR($F31="",$G31="",$H31=""),0,MIN(MAX(IF($F31>AW$1,0,((($G31-$F31)-($G31-AW$1))*(10/$E31)/10)),0),1)*$H31) -> 47.619048 | AW31: =IF(OR($H31=0,AV31=0),0,AV31/$H31) -> 0.47619048 | AX31: =IF(OR($F31="",$G31="",$H31=""),0,MIN(MAX(IF($F31>AY$1,0,((($G31-$F31)-($G31-AY$1))*(10/$E31)/10)),0),1)*$H31) -> 80.952381 | AY31: =IF(OR($H31=0,AX31=0),0,AX31/$H31) -> 0.80952381 | AZ31: =IF(OR($F31="",$G31="",$H31=""),0,MIN(MAX(IF($F31>BA$1,0,((($G31-$F31)-($G31-BA$1))*(10/$E31)/10)),0),1)*$H31) -> 100 | BA31: =IF(OR($H31=0,AZ31=0),0,AZ31/$H31) -> 1 | BB31: =IF(OR($F31="",$G31="",$H31=""),0,MIN(MAX(IF($F31>BC$1,0,((($G31-$F31)-($G31-BC$1))*(10/$E31)/10)),0),1)*$H31) -> 100 | BC31: =IF(OR($H31=0,BB31=0),0,BB31/$H31) -> 1 | BD31: =IF(OR($F31="",$G31="",$H31=""),0,MIN(MAX(IF($F31>BE$1,0,((($G31-$F31)-($G31-BE$1))*(10/$E31)/10)),0),1)*$H31) -> 100 | BE31: =IF(OR($H31=0,BD31=0),0,BD31/$H31) -> 1 | BF31: =IF(OR($F31="",$G31="",$H31=""),0,MIN(MAX(IF($F31>BG$1,0,((($G31-$F31)-($G31-BG$1))*(10/$E31)/10)),0),1)*$H31) -> 100 | BG31: =IF(OR($H31=0,BF31=0),0,BF31/$H31) -> 1 | BH31: =IF(OR($F31="",$G31="",$H31=""),0,MIN(MAX(IF($F31>BI$1,0,((($G31-$F31)-($G31-BI$1))*(10/$E31)/10)),0),1)*$H31) -> 100 | BI31: =IF(OR($H31=0,BH31=0),0,BH31/$H31) -> 1 | BJ31: =IF(OR($F31="",$G31="",$H31=""),0,MIN(MAX(IF($F31>BK$1,0,((($G31-$F31)-($G31-BK$1))*(10/$E31)/10)),0),1)*$H31) -> 100 | BK31: =IF(OR($H31=0,BJ31=0),0,BJ31/$H31) -> 1 | BL31: =IF(OR($F31="",$G31="",$H31=""),0,MIN(MAX(IF($F31>BM$1,0,((($G31-$F31)-($G31-BM$1))*(10/$E31)/10)),0),1)*$H31) -> 100 | BM31: =IF(OR($H31=0,BL31=0),0,BL31/$H31) -> 1 | BN31: =IF(OR($F31="",$G31="",$H31=""),0,MIN(MAX(IF($F31>BO$1,0,((($G31-$F31)-($G31-BO$1))*(10/$E31)/10)),0),1)*$H31) -> 100 | BO31: =IF(OR($H31=0,BN31=0),0,BN31/$H31) -> 1 | BP31: =IF(OR($F31="",$G31="",$H31=""),0,MIN(MAX(IF($F31>BQ$1,0,((($G31-$F31)-($G31-BQ$1))*(10/$E31)/10)),0),1)*$H31) -> 100 | BQ31: =IF(OR($H31=0,BP31=0),0,BP31/$H31) -> 1 | BR31: =IF(OR($F31="",$G31="",$H31=""),0,MIN(MAX(IF($F31>BS$1,0,((($G31-$F31)-($G31-BS$1))*(10/$E31)/10)),0),1)*$H31) -> 100 | BS31: =IF(OR($H31=0,BR31=0),0,BR31/$H31) -> 1 | BT31: =IF(OR($F31="",$G31="",$H31=""),0,MIN(MAX(IF($F31>BU$1,0,((($G31-$F31)-($G31-BU$1))*(10/$E31)/10)),0),1)*$H31) -> 100 | BU31: =IF(OR($H31=0,BT31=0),0,BT31/$H31) -> 1 | BV31: =IF(OR($F31="",$G31="",$H31=""),0,MIN(MAX(IF($F31>BW$1,0,((($G31-$F31)-($G31-BW$1))*(10/$E31)/10)),0),1)*$H31) -> 100 | BW31: =IF(OR($H31=0,BV31=0),0,BV31/$H31) -> 1 | BX31: =IF(OR($F31="",$G31="",$H31=""),0,MIN(MAX(IF($F31>BY$1,0,((($G31-$F31)-($G31-BY$1))*(10/$E31)/10)),0),1)*$H31) -> 100 | BY31: =IF(OR($H31=0,BX31=0),0,BX31/$H31) -> 1 | BZ31: =IF(OR($F31="",$G31="",$H31=""),0,MIN(MAX(IF($F31>CA$1,0,((($G31-$F31)-($G31-CA$1))*(10/$E31)/10)),0),1)*$H31) -> 100 | CA31: =IF(OR($H31=0,BZ31=0),0,BZ31/$H31) -> 1 | CB31: =IF(OR($F31="",$G31="",$H31=""),0,MIN(MAX(IF($F31>CC$1,0,((($G31-$F31)-($G31-CC$1))*(10/$E31)/10)),0),1)*$H31) -> 100 | CC31: =IF(OR($H31=0,CB31=0),0,CB31/$H31) -> 1 | CD31: =IF(OR($F31="",$G31="",$H31=""),0,MIN(MAX(IF($F31>CE$1,0,((($G31-$F31)-($G31-CE$1))*(10/$E31)/10)),0),1)*$H31) -> 100 | CE31: =IF(OR($H31=0,CD31=0),0,CD31/$H31) -> 1 | CF31: =IF(OR($F31="",$G31="",$H31=""),0,MIN(MAX(IF($F31>CG$1,0,((($G31-$F31)-($G31-CG$1))*(10/$E31)/10)),0),1)*$H31) -> 100 | CG31: =IF(OR($H31=0,CF31=0),0,CF31/$H31) -> 1 | CH31: =IF(OR($F31="",$G31="",$H31=""),0,MIN(MAX(IF($F31>CI$1,0,((($G31-$F31)-($G31-CI$1))*(10/$E31)/10)),0),1)*$H31) -> 100 | CI31: =IF(OR($H31=0,CH31=0),0,CH31/$H31) -> 1 | CJ31: =IF(OR($F31="",$G31="",$H31=""),0,MIN(MAX(IF($F31>CK$1,0,((($G31-$F31)-($G31-CK$1))*(10/$E31)/10)),0),1)*$H31) -> 100 | CK31: =IF(OR($H31=0,CJ31=0),0,CJ31/$H31) -> 1 | CL31: =IF(OR($F31="",$G31="",$H31=""),0,MIN(MAX(IF($F31>CM$1,0,((($G31-$F31)-($G31-CM$1))*(10/$E31)/10)),0),1)*$H31) -> 100 | CM31: =IF(OR($H31=0,CL31=0),0,CL31/$H31) -> 1
A32: =A31+1 -> 170 | B32: Formwork Dismantling | D32: 21 | E32: 21 | F32: 45310 | G32: 45330 | H32: 100 | I32: 100 | J32: % | K32: =IF(OR(F32="",G32="",H32=""),0,MIN(MAX(IF(F32>$O$1,0,(((G32-F32)-(G32-$O$1))*(10/E32)/10)),0),1)*H32) -> 100 | L32: =D32/$D$27 -> 0.168 | M32: =IF(OR(H32=0,K32=0),0,K32/H32) -> 1 | N32: =IF(OR(H32=0,I32=0),0,I32/H32) -> 1 | O32: =N32-M32 -> 0 | T32: =IF(OR($F32="",$G32="",$H32=""),0,MIN(MAX(IF($F32>U$1,0,((($G32-$F32)-($G32-U$1))*(10/$E32)/10)),0),1)*$H32) -> 0 | U32: =IF(OR($H32=0,T32=0),0,T32/$H32) -> 0 | V32: =IF(OR($F32="",$G32="",$H32=""),0,MIN(MAX(IF($F32>W$1,0,((($G32-$F32)-($G32-W$1))*(10/$E32)/10)),0),1)*$H32) -> 0 | W32: =IF(OR($H32=0,V32=0),0,V32/$H32) -> 0 | X32: =IF(OR($F32="",$G32="",$H32=""),0,MIN(MAX(IF($F32>Y$1,0,((($G32-$F32)-($G32-Y$1))*(10/$E32)/10)),0),1)*$H32) -> 0 | Y32: =IF(OR($H32=0,X32=0),0,X32/$H32) -> 0 | Z32: =IF(OR($F32="",$G32="",$H32=""),0,MIN(MAX(IF($F32>AA$1,0,((($G32-$F32)-($G32-AA$1))*(10/$E32)/10)),0),1)*$H32) -> 0 | AA32: =IF(OR($H32=0,Z32=0),0,Z32/$H32) -> 0 | AB32: =IF(OR($F32="",$G32="",$H32=""),0,MIN(MAX(IF($F32>AC$1,0,((($G32-$F32)-($G32-AC$1))*(10/$E32)/10)),0),1)*$H32) -> 0 | AC32: =IF(OR($H32=0,AB32=0),0,AB32/$H32) -> 0 | AD32: =IF(OR($F32="",$G32="",$H32=""),0,MIN(MAX(IF($F32>AE$1,0,((($G32-$F32)-($G32-AE$1))*(10/$E32)/10)),0),1)*$H32) -> 0 | AE32: =IF(OR($H32=0,AD32=0),0,AD32/$H32) -> 0 | AF32: =IF(OR($F32="",$G32="",$H32=""),0,MIN(MAX(IF($F32>AG$1,0,((($G32-$F32)-($G32-AG$1))*(10/$E32)/10)),0),1)*$H32) -> 0 | AG32: =IF(OR($H32=0,AF32=0),0,AF32/$H32) -> 0 | AH32: =IF(OR($F32="",$G32="",$H32=""),0,MIN(MAX(IF($F32>AI$1,0,((($G32-$F32)-($G32-AI$1))*(10/$E32)/10)),0),1)*$H32) -> 0 | AI32: =IF(OR($H32=0,AH32=0),0,AH32/$H32) -> 0 | AJ32: =IF(OR($F32="",$G32="",$H32=""),0,MIN(MAX(IF($F32>AK$1,0,((($G32-$F32)-($G32-AK$1))*(10/$E32)/10)),0),1)*$H32) -> 0 | AK32: =IF(OR($H32=0,AJ32=0),0,AJ32/$H32) -> 0 | AL32: =IF(OR($F32="",$G32="",$H32=""),0,MIN(MAX(IF($F32>AM$1,0,((($G32-$F32)-($G32-AM$1))*(10/$E32)/10)),0),1)*$H32) -> 0 | AM32: =IF(OR($H32=0,AL32=0),0,AL32/$H32) -> 0 | AN32: =IF(OR($F32="",$G32="",$H32=""),0,MIN(MAX(IF($F32>AO$1,0,((($G32-$F32)-($G32-AO$1))*(10/$E32)/10)),0),1)*$H32) -> 0 | AO32: =IF(OR($H32=0,AN32=0),0,AN32/$H32) -> 0 | AP32: =IF(OR($F32="",$G32="",$H32=""),0,MIN(MAX(IF($F32>AQ$1,0,((($G32-$F32)-($G32-AQ$1))*(10/$E32)/10)),0),1)*$H32) -> 0 | AQ32: =IF(OR($H32=0,AP32=0),0,AP32/$H32) -> 0 | AR32: =IF(OR($F32="",$G32="",$H32=""),0,MIN(MAX(IF($F32>AS$1,0,((($G32-$F32)-($G32-AS$1))*(10/$E32)/10)),0),1)*$H32) -> 0 | AS32: =IF(OR($H32=0,AR32=0),0,AR32/$H32) -> 0 | AT32: =IF(OR($F32="",$G32="",$H32=""),0,MIN(MAX(IF($F32>AU$1,0,((($G32-$F32)-($G32-AU$1))*(10/$E32)/10)),0),1)*$H32) -> 0 | AU32: =IF(OR($H32=0,AT32=0),0,AT32/$H32) -> 0 | AV32: =IF(OR($F32="",$G32="",$H32=""),0,MIN(MAX(IF($F32>AW$1,0,((($G32-$F32)-($G32-AW$1))*(10/$E32)/10)),0),1)*$H32) -> 33.333333 | AW32: =IF(OR($H32=0,AV32=0),0,AV32/$H32) -> 0.33333333 | AX32: =IF(OR($F32="",$G32="",$H32=""),0,MIN(MAX(IF($F32>AY$1,0,((($G32-$F32)-($G32-AY$1))*(10/$E32)/10)),0),1)*$H32) -> 66.666667 | AY32: =IF(OR($H32=0,AX32=0),0,AX32/$H32) -> 0.66666667 | AZ32: =IF(OR($F32="",$G32="",$H32=""),0,MIN(MAX(IF($F32>BA$1,0,((($G32-$F32)-($G32-BA$1))*(10/$E32)/10)),0),1)*$H32) -> 100 | BA32: =IF(OR($H32=0,AZ32=0),0,AZ32/$H32) -> 1 | BB32: =IF(OR($F32="",$G32="",$H32=""),0,MIN(MAX(IF($F32>BC$1,0,((($G32-$F32)-($G32-BC$1))*(10/$E32)/10)),0),1)*$H32) -> 100 | BC32: =IF(OR($H32=0,BB32=0),0,BB32/$H32) -> 1 | BD32: =IF(OR($F32="",$G32="",$H32=""),0,MIN(MAX(IF($F32>BE$1,0,((($G32-$F32)-($G32-BE$1))*(10/$E32)/10)),0),1)*$H32) -> 100 | BE32: =IF(OR($H32=0,BD32=0),0,BD32/$H32) -> 1 | BF32: =IF(OR($F32="",$G32="",$H32=""),0,MIN(MAX(IF($F32>BG$1,0,((($G32-$F32)-($G32-BG$1))*(10/$E32)/10)),0),1)*$H32) -> 100 | BG32: =IF(OR($H32=0,BF32=0),0,BF32/$H32) -> 1 | BH32: =IF(OR($F32="",$G32="",$H32=""),0,MIN(MAX(IF($F32>BI$1,0,((($G32-$F32)-($G32-BI$1))*(10/$E32)/10)),0),1)*$H32) -> 100 | BI32: =IF(OR($H32=0,BH32=0),0,BH32/$H32) -> 1 | BJ32: =IF(OR($F32="",$G32="",$H32=""),0,MIN(MAX(IF($F32>BK$1,0,((($G32-$F32)-($G32-BK$1))*(10/$E32)/10)),0),1)*$H32) -> 100 | BK32: =IF(OR($H32=0,BJ32=0),0,BJ32/$H32) -> 1 | BL32: =IF(OR($F32="",$G32="",$H32=""),0,MIN(MAX(IF($F32>BM$1,0,((($G32-$F32)-($G32-BM$1))*(10/$E32)/10)),0),1)*$H32) -> 100 | BM32: =IF(OR($H32=0,BL32=0),0,BL32/$H32) -> 1 | BN32: =IF(OR($F32="",$G32="",$H32=""),0,MIN(MAX(IF($F32>BO$1,0,((($G32-$F32)-($G32-BO$1))*(10/$E32)/10)),0),1)*$H32) -> 100 | BO32: =IF(OR($H32=0,BN32=0),0,BN32/$H32) -> 1 | BP32: =IF(OR($F32="",$G32="",$H32=""),0,MIN(MAX(IF($F32>BQ$1,0,((($G32-$F32)-($G32-BQ$1))*(10/$E32)/10)),0),1)*$H32) -> 100 | BQ32: =IF(OR($H32=0,BP32=0),0,BP32/$H32) -> 1 | BR32: =IF(OR($F32="",$G32="",$H32=""),0,MIN(MAX(IF($F32>BS$1,0,((($G32-$F32)-($G32-BS$1))*(10/$E32)/10)),0),1)*$H32) -> 100 | BS32: =IF(OR($H32=0,BR32=0),0,BR32/$H32) -> 1 | BT32: =IF(OR($F32="",$G32="",$H32=""),0,MIN(MAX(IF($F32>BU$1,0,((($G32-$F32)-($G32-BU$1))*(10/$E32)/10)),0),1)*$H32) -> 100 | BU32: =IF(OR($H32=0,BT32=0),0,BT32/$H32) -> 1 | BV32: =IF(OR($F32="",$G32="",$H32=""),0,MIN(MAX(IF($F32>BW$1,0,((($G32-$F32)-($G32-BW$1))*(10/$E32)/10)),0),1)*$H32) -> 100 | BW32: =IF(OR($H32=0,BV32=0),0,BV32/$H32) -> 1 | BX32: =IF(OR($F32="",$G32="",$H32=""),0,MIN(MAX(IF($F32>BY$1,0,((($G32-$F32)-($G32-BY$1))*(10/$E32)/10)),0),1)*$H32) -> 100 | BY32: =IF(OR($H32=0,BX32=0),0,BX32/$H32) -> 1 | BZ32: =IF(OR($F32="",$G32="",$H32=""),0,MIN(MAX(IF($F32>CA$1,0,((($G32-$F32)-($G32-CA$1))*(10/$E32)/10)),0),1)*$H32) -> 100 | CA32: =IF(OR($H32=0,BZ32=0),0,BZ32/$H32) -> 1 | CB32: =IF(OR($F32="",$G32="",$H32=""),0,MIN(MAX(IF($F32>CC$1,0,((($G32-$F32)-($G32-CC$1))*(10/$E32)/10)),0),1)*$H32) -> 100 | CC32: =IF(OR($H32=0,CB32=0),0,CB32/$H32) -> 1 | CD32: =IF(OR($F32="",$G32="",$H32=""),0,MIN(MAX(IF($F32>CE$1,0,((($G32-$F32)-($G32-CE$1))*(10/$E32)/10)),0),1)*$H32) -> 100 | CE32: =IF(OR($H32=0,CD32=0),0,CD32/$H32) -> 1 | CF32: =IF(OR($F32="",$G32="",$H32=""),0,MIN(MAX(IF($F32>CG$1,0,((($G32-$F32)-($G32-CG$1))*(10/$E32)/10)),0),1)*$H32) -> 100 | CG32: =IF(OR($H32=0,CF32=0),0,CF32/$H32) -> 1 | CH32: =IF(OR($F32="",$G32="",$H32=""),0,MIN(MAX(IF($F32>CI$1,0,((($G32-$F32)-($G32-CI$1))*(10/$E32)/10)),0),1)*$H32) -> 100 | CI32: =IF(OR($H32=0,CH32=0),0,CH32/$H32) -> 1 | CJ32: =IF(OR($F32="",$G32="",$H32=""),0,MIN(MAX(IF($F32>CK$1,0,((($G32-$F32)-($G32-CK$1))*(10/$E32)/10)),0),1)*$H32) -> 100 | CK32: =IF(OR($H32=0,CJ32=0),0,CJ32/$H32) -> 1 | CL32: =IF(OR($F32="",$G32="",$H32=""),0,MIN(MAX(IF($F32>CM$1,0,((($G32-$F32)-($G32-CM$1))*(10/$E32)/10)),0),1)*$H32) -> 100 | CM32: =IF(OR($H32=0,CL32=0),0,CL32/$H32) -> 1
A33: =A32+1 -> 171 | B33: Backfill with compaction | D33: 21 | E33: 21 | F33: 45311 | G33: 45331 | H33: 100 | I33: 100 | J33: % | K33: =IF(OR(F33="",G33="",H33=""),0,MIN(MAX(IF(F33>$O$1,0,(((G33-F33)-(G33-$O$1))*(10/E33)/10)),0),1)*H33) -> 100 | L33: =D33/$D$27 -> 0.168 | M33: =IF(OR(H33=0,K33=0),0,K33/H33) -> 1 | N33: =IF(OR(H33=0,I33=0),0,I33/H33) -> 1 | O33: =N33-M33 -> 0 | T33: =IF(OR($F33="",$G33="",$H33=""),0,MIN(MAX(IF($F33>U$1,0,((($G33-$F33)-($G33-U$1))*(10/$E33)/10)),0),1)*$H33) -> 0 | U33: =IF(OR($H33=0,T33=0),0,T33/$H33) -> 0 | V33: =IF(OR($F33="",$G33="",$H33=""),0,MIN(MAX(IF($F33>W$1,0,((($G33-$F33)-($G33-W$1))*(10/$E33)/10)),0),1)*$H33) -> 0 | W33: =IF(OR($H33=0,V33=0),0,V33/$H33) -> 0 | X33: =IF(OR($F33="",$G33="",$H33=""),0,MIN(MAX(IF($F33>Y$1,0,((($G33-$F33)-($G33-Y$1))*(10/$E33)/10)),0),1)*$H33) -> 0 | Y33: =IF(OR($H33=0,X33=0),0,X33/$H33) -> 0 | Z33: =IF(OR($F33="",$G33="",$H33=""),0,MIN(MAX(IF($F33>AA$1,0,((($G33-$F33)-($G33-AA$1))*(10/$E33)/10)),0),1)*$H33) -> 0 | AA33: =IF(OR($H33=0,Z33=0),0,Z33/$H33) -> 0 | AB33: =IF(OR($F33="",$G33="",$H33=""),0,MIN(MAX(IF($F33>AC$1,0,((($G33-$F33)-($G33-AC$1))*(10/$E33)/10)),0),1)*$H33) -> 0 | AC33: =IF(OR($H33=0,AB33=0),0,AB33/$H33) -> 0 | AD33: =IF(OR($F33="",$G33="",$H33=""),0,MIN(MAX(IF($F33>AE$1,0,((($G33-$F33)-($G33-AE$1))*(10/$E33)/10)),0),1)*$H33) -> 0 | AE33: =IF(OR($H33=0,AD33=0),0,AD33/$H33) -> 0 | AF33: =IF(OR($F33="",$G33="",$H33=""),0,MIN(MAX(IF($F33>AG$1,0,((($G33-$F33)-($G33-AG$1))*(10/$E33)/10)),0),1)*$H33) -> 0 | AG33: =IF(OR($H33=0,AF33=0),0,AF33/$H33) -> 0 | AH33: =IF(OR($F33="",$G33="",$H33=""),0,MIN(MAX(IF($F33>AI$1,0,((($G33-$F33)-($G33-AI$1))*(10/$E33)/10)),0),1)*$H33) -> 0 | AI33: =IF(OR($H33=0,AH33=0),0,AH33/$H33) -> 0 | AJ33: =IF(OR($F33="",$G33="",$H33=""),0,MIN(MAX(IF($F33>AK$1,0,((($G33-$F33)-($G33-AK$1))*(10/$E33)/10)),0),1)*$H33) -> 0 | AK33: =IF(OR($H33=0,AJ33=0),0,AJ33/$H33) -> 0 | AL33: =IF(OR($F33="",$G33="",$H33=""),0,MIN(MAX(IF($F33>AM$1,0,((($G33-$F33)-($G33-AM$1))*(10/$E33)/10)),0),1)*$H33) -> 0 | AM33: =IF(OR($H33=0,AL33=0),0,AL33/$H33) -> 0 | AN33: =IF(OR($F33="",$G33="",$H33=""),0,MIN(MAX(IF($F33>AO$1,0,((($G33-$F33)-($G33-AO$1))*(10/$E33)/10)),0),1)*$H33) -> 0 | AO33: =IF(OR($H33=0,AN33=0),0,AN33/$H33) -> 0 | AP33: =IF(OR($F33="",$G33="",$H33=""),0,MIN(MAX(IF($F33>AQ$1,0,((($G33-$F33)-($G33-AQ$1))*(10/$E33)/10)),0),1)*$H33) -> 0 | AQ33: =IF(OR($H33=0,AP33=0),0,AP33/$H33) -> 0 | AR33: =IF(OR($F33="",$G33="",$H33=""),0,MIN(MAX(IF($F33>AS$1,0,((($G33-$F33)-($G33-AS$1))*(10/$E33)/10)),0),1)*$H33) -> 0 | AS33: =IF(OR($H33=0,AR33=0),0,AR33/$H33) -> 0 | AT33: =IF(OR($F33="",$G33="",$H33=""),0,MIN(MAX(IF($F33>AU$1,0,((($G33-$F33)-($G33-AU$1))*(10/$E33)/10)),0),1)*$H33) -> 0 | AU33: =IF(OR($H33=0,AT33=0),0,AT33/$H33) -> 0 | AV33: =IF(OR($F33="",$G33="",$H33=""),0,MIN(MAX(IF($F33>AW$1,0,((($G33-$F33)-($G33-AW$1))*(10/$E33)/10)),0),1)*$H33) -> 28.571429 | AW33: =IF(OR($H33=0,AV33=0),0,AV33/$H33) -> 0.28571429 | AX33: =IF(OR($F33="",$G33="",$H33=""),0,MIN(MAX(IF($F33>AY$1,0,((($G33-$F33)-($G33-AY$1))*(10/$E33)/10)),0),1)*$H33) -> 61.904762 | AY33: =IF(OR($H33=0,AX33=0),0,AX33/$H33) -> 0.61904762 | AZ33: =IF(OR($F33="",$G33="",$H33=""),0,MIN(MAX(IF($F33>BA$1,0,((($G33-$F33)-($G33-BA$1))*(10/$E33)/10)),0),1)*$H33) -> 95.238095 | BA33: =IF(OR($H33=0,AZ33=0),0,AZ33/$H33) -> 0.95238095 | BB33: =IF(OR($F33="",$G33="",$H33=""),0,MIN(MAX(IF($F33>BC$1,0,((($G33-$F33)-($G33-BC$1))*(10/$E33)/10)),0),1)*$H33) -> 100 | BC33: =IF(OR($H33=0,BB33=0),0,BB33/$H33) -> 1 | BD33: =IF(OR($F33="",$G33="",$H33=""),0,MIN(MAX(IF($F33>BE$1,0,((($G33-$F33)-($G33-BE$1))*(10/$E33)/10)),0),1)*$H33) -> 100 | BE33: =IF(OR($H33=0,BD33=0),0,BD33/$H33) -> 1 | BF33: =IF(OR($F33="",$G33="",$H33=""),0,MIN(MAX(IF($F33>BG$1,0,((($G33-$F33)-($G33-BG$1))*(10/$E33)/10)),0),1)*$H33) -> 100 | BG33: =IF(OR($H33=0,BF33=0),0,BF33/$H33) -> 1 | BH33: =IF(OR($F33="",$G33="",$H33=""),0,MIN(MAX(IF($F33>BI$1,0,((($G33-$F33)-($G33-BI$1))*(10/$E33)/10)),0),1)*$H33) -> 100 | BI33: =IF(OR($H33=0,BH33=0),0,BH33/$H33) -> 1 | BJ33: =IF(OR($F33="",$G33="",$H33=""),0,MIN(MAX(IF($F33>BK$1,0,((($G33-$F33)-($G33-BK$1))*(10/$E33)/10)),0),1)*$H33) -> 100 | BK33: =IF(OR($H33=0,BJ33=0),0,BJ33/$H33) -> 1 | BL33: =IF(OR($F33="",$G33="",$H33=""),0,MIN(MAX(IF($F33>BM$1,0,((($G33-$F33)-($G33-BM$1))*(10/$E33)/10)),0),1)*$H33) -> 100 | BM33: =IF(OR($H33=0,BL33=0),0,BL33/$H33) -> 1 | BN33: =IF(OR($F33="",$G33="",$H33=""),0,MIN(MAX(IF($F33>BO$1,0,((($G33-$F33)-($G33-BO$1))*(10/$E33)/10)),0),1)*$H33) -> 100 | BO33: =IF(OR($H33=0,BN33=0),0,BN33/$H33) -> 1 | BP33: =IF(OR($F33="",$G33="",$H33=""),0,MIN(MAX(IF($F33>BQ$1,0,((($G33-$F33)-($G33-BQ$1))*(10/$E33)/10)),0),1)*$H33) -> 100 | BQ33: =IF(OR($H33=0,BP33=0),0,BP33/$H33) -> 1 | BR33: =IF(OR($F33="",$G33="",$H33=""),0,MIN(MAX(IF($F33>BS$1,0,((($G33-$F33)-($G33-BS$1))*(10/$E33)/10)),0),1)*$H33) -> 100 | BS33: =IF(OR($H33=0,BR33=0),0,BR33/$H33) -> 1 | BT33: =IF(OR($F33="",$G33="",$H33=""),0,MIN(MAX(IF($F33>BU$1,0,((($G33-$F33)-($G33-BU$1))*(10/$E33)/10)),0),1)*$H33) -> 100 | BU33: =IF(OR($H33=0,BT33=0),0,BT33/$H33) -> 1 | BV33: =IF(OR($F33="",$G33="",$H33=""),0,MIN(MAX(IF($F33>BW$1,0,((($G33-$F33)-($G33-BW$1))*(10/$E33)/10)),0),1)*$H33) -> 100 | BW33: =IF(OR($H33=0,BV33=0),0,BV33/$H33) -> 1 | BX33: =IF(OR($F33="",$G33="",$H33=""),0,MIN(MAX(IF($F33>BY$1,0,((($G33-$F33)-($G33-BY$1))*(10/$E33)/10)),0),1)*$H33) -> 100 | BY33: =IF(OR($H33=0,BX33=0),0,BX33/$H33) -> 1 | BZ33: =IF(OR($F33="",$G33="",$H33=""),0,MIN(MAX(IF($F33>CA$1,0,((($G33-$F33)-($G33-CA$1))*(10/$E33)/10)),0),1)*$H33) -> 100 | CA33: =IF(OR($H33=0,BZ33=0),0,BZ33/$H33) -> 1 | CB33: =IF(OR($F33="",$G33="",$H33=""),0,MIN(MAX(IF($F33>CC$1,0,((($G33-$F33)-($G33-CC$1))*(10/$E33)/10)),0),1)*$H33) -> 100 | CC33: =IF(OR($H33=0,CB33=0),0,CB33/$H33) -> 1 | CD33: =IF(OR($F33="",$G33="",$H33=""),0,MIN(MAX(IF($F33>CE$1,0,((($G33-$F33)-($G33-CE$1))*(10/$E33)/10)),0),1)*$H33) -> 100 | CE33: =IF(OR($H33=0,CD33=0),0,CD33/$H33) -> 1 | CF33: =IF(OR($F33="",$G33="",$H33=""),0,MIN(MAX(IF($F33>CG$1,0,((($G33-$F33)-($G33-CG$1))*(10/$E33)/10)),0),1)*$H33) -> 100 | CG33: =IF(OR($H33=0,CF33=0),0,CF33/$H33) -> 1 | CH33: =IF(OR($F33="",$G33="",$H33=""),0,MIN(MAX(IF($F33>CI$1,0,((($G33-$F33)-($G33-CI$1))*(10/$E33)/10)),0),1)*$H33) -> 100 | CI33: =IF(OR($H33=0,CH33=0),0,CH33/$H33) -> 1 | CJ33: =IF(OR($F33="",$G33="",$H33=""),0,MIN(MAX(IF($F33>CK$1,0,((($G33-$F33)-($G33-CK$1))*(10/$E33)/10)),0),1)*$H33) -> 100 | CK33: =IF(OR($H33=0,CJ33=0),0,CJ33/$H33) -> 1 | CL33: =IF(OR($F33="",$G33="",$H33=""),0,MIN(MAX(IF($F33>CM$1,0,((($G33-$F33)-($G33-CM$1))*(10/$E33)/10)),0),1)*$H33) -> 100 | CM33: =IF(OR($H33=0,CL33=0),0,CL33/$H33) -> 1
